ID,标题,视频号名称,视频号分类,公众号名称,视频链接,页面链接,文件大小,时长,阅读量,点赞量,评论量,收藏数,转发数,创建时间,IP所在地,下载时间,页面来源,搜索关键词
ID_14765286252178380854,"艺术无处不在
个人调色案例分享
#电影感#调色",Art-Suneo,,,https://finder.video.qq.com/251/20302/stodownload?encfilekey=Cvvj5Ix3eez3Y79SxtvVL0L7CkPM6dFibFeI6caGYwFEoBRY5RNYuibTjYsu5EiaF5SnS8ZF2GMicI8HEbKboatmhicEhu8vSZAqqHN5BibWo5ZXN0U50cYMeHibTCR1O01G6JPDzrEAgSJ2Nnv7xONrfvQgg&hy=SH&idx=1&m=60ab61bb735f27b525a2685c56d864ef&uzid=7a170&token=2lt8WBSnjTk6BNA8SFQWnX2gNiacRuTTQ3pCibzytB3THlUrYTv3zFPib9pYKs1GAw8Y3chTSae7C1tiawTUt2rOE0L4OWGDibGct6gld4HzsMEiasqxTotYPqjo3VXSknbrJGILoJ7tncFpmrZ1a2fxoh0vWK6XKalYiaUA1AXibm3KDxs&basedata=CAESABoDeFYwIgAqBwjNWhAAGAI&sign=5Ri70WhJ3zazDFMrzdVg5U4J7N-aO0tzgNsW0sD2dNI8uQrwF1uRpB7jZFzG4E2zGxEWErEZA0XGqD4vZQmoag&web=1&extg=10f0000&svrbypass=AAuL%2FQsFAAABAAAAAACpALTFQCXW7%2FBuj0hBaRAAAADnaHZTnGbFfAj9RgZXfw6VOo1JktuDBapIxQVoRZCdbcGOPosxN12LVDMjA08HWMmpT6od0XgpYtc%3D&svrnonce=1765886095,,14.86 MB,00:17,,,,,,,,2025-12-17 11:23:49,batch_console,
ID_14813076638467365251,整段文字快速移动对齐？教你两招！#wps#干货分享#wps小表姐#word文档#办公技巧,WPS新潮实验室,,,https://finder.video.qq.com/251/20302/stodownload?encfilekey=oibeqyX228riaCwo9STVsGLIBn9G5YG8Znf7J2KBWLUuCNqto3N4BcKpPJvBrw5MzPY2e1Ml8H0h02OPBzC6vWlMzmWEvOkMn8DEup5LdeY5IhImpxzoVFqaOWkBSuV5cCHlJyaCwQiaRc&hy=SZ&idx=1&m=b485b80d375c984a284410ec623775cf&uzid=7a260&token=2lt8WBSnjTkAsaQgfCMD5EA7YLFNPeZ49RFzlrl4ibNfE0pkpPEiaXo0qhHCicNSdibGx1o8G9licicVg4iafranx8E9k1G4axyVfUHnDdvexXPVic5kl9Xv76yQFS7VFpOYZtaMY0LvXCnTve87ecibOib6ZZPCRYeZH77z1vnlUCIibQ06QM&basedata=CAESABoDeFYwIgAqBwjNWhAAGAI&sign=aCsnlv6P7fLnENse-ets4kK9jegvdwCuHSrABk_yMcvYUpJp1aMn2YBEnihcdhuPKWz_VgXHUqE4wzyYbCApVg&ctsc=140&web=1&extg=10f0000&svrbypass=AAuL%2FQsFAAABAAAAAAD4hZO6ER%2FcBfllFWpCaRAAAADnaHZTnGbFfAj9RgZXfw6VfGn0pTDlHmKoWQy%2FRlpcZjaPR0Np%2FwMTYrWoR4ZMyZSm1Gvb1AOAEdQ%3D&svrnonce=1765960213,,4.76 MB,00:30,,,,,,,,2025-12-17 20:00:19,batch_console,
ID_14802191043048966625,"#华为Mate80 系列tvc中仅有的一颗fpv镜头，因为是临时加的需求，只借到了avata2来飞。事实证明，器材很重要,但一定不是最重要的。谢谢DP金大师指导[抱拳][抱拳]
#avata2 #大疆",David_fpv,,,https://finder.video.qq.com/251/20302/stodownload?encfilekey=Cvvj5Ix3eewK0tHtibORqcsqchXNh0Gf3YiaX8QrZIfDdoRv24hiad1WRL2Hc2tKib8adyl9XC6Ysjru5MQaCzIJTzMAiaLsRtib6MPBX0ibZAKxxbKIX5ABT6DqlRUKQQf1Tgu&hy=SZ&idx=1&m=&uzid=7a260&token=ic1n0xDG6aw9lOedgduuplZtXZSO9r0iaRxLxLGZFJ3D0YJRZ6XjTVyrjOuXF2yaj92YoHsnlXtr7Zl9lxPlMAWzls9ArWAM3avF0jSFMb3AkKI5bzJHE9qfkxr108rd39U2xbsxk4XwfRmorDdn5rfuGGpaK1GHX8BvFzH3AGtvU&basedata=CAESABoDeFYwIgAqBwjNWhAAGAI&sign=RQlhk5j7uAVHaZdSbY5cOgUWAHhwb8y5wDy53cx8ZhioMb5TRXKFateKP7PyGUOn4FEnkBH13ndS8rcDxGfWQA&web=1&extg=10f0000&svrbypass=AAuL%2FQsFAAABAAAAAAAwqXHF4hhdh67Ap0VCaRAAAADnaHZTnGbFfAj9RgZXfw6VNj06lu0RPuHOa6WxSigdT%2BDFq1anhLpysnyuYuthpm5DCMZ7HrKusuw%3D&svrnonce=1765950887,,17.75 MB,00:13,,,,,,,,2025-12-17 22:03:10,batch_console,
ID_14575675702949316806,搞定职场垃圾人,陈小树陪成长,,,https://finder.video.qq.com/251/20302/stodownload?encfilekey=Cvvj5Ix3eewK0tHtibORqcsqchXNh0Gf3sJcaYqC2rQD0AE7mAUb9yPx0hfOPzYBrU1WiaR6fgKfUrXXKMR1FV7NV0rHicg6tnVyrCibUWjvqqSdnbN1VzicNyVb3oiaaQMjr2&bizid=1023&dotrans=0&hy=SH&idx=1&m=&uzid=1&token=cztXnd9GyrHJkPyJUWiayibKia3icfYTJwSWWU07FqXypIafmn1pdlnxU8ib3FiaSIegLAeGf4LHa8bsVpqp5dupKDVDlKMdicCt7EaGPSoIoTgLkVM1nfdzrezQ7TdEgE9o3ONyuhj2XoPG4LlP8zsvqjFJD8k3BUkWJwecibic0PhfsvVA&basedata=CAESABoGeFdUMTExGgZ4V1QxMTIaBnhXVDExMxoGeFdUMTU2GgZ4V1QxNTcaBnhXVDE1OCIAKgcIkEEQABgA&sign=O_-TDVOIEO28kvDSeNzrmPQjZvfVeiGZ8fOii-N1grREXHGjn-a8QSydU08_ldZ_gxTzvnBwFqQemO4Q6Ty1iA&ctsc=143&extg=8f0000&svrbypass=AAuL%2FQsFAAABAAAAAABU8G0zdP1gRizG51ZNaRAAAADnaHZTnGbFfAj9RgZXfw6VxwbMB8XjsthHDdjQDj%2BAe5zJx9IBQ20griltkp8KNxzZC5UwG3uoJI4%3D&svrnonce=1766676199,,543.25 MB,23:41,,6,4,20,16,2025-01-22 22:25:45,,2025-12-25 23:34:47,batch_profile,
ID_14574283046022155111,搞定职场垃圾人,陈小树陪成长,,,https://finder.video.qq.com/251/20302/stodownload?encfilekey=Cvvj5Ix3eewK0tHtibORqcsqchXNh0Gf3sJcaYqC2rQD0bMbic5Kq36BBnGqHe2RicvBHNEu5gicQZwG2FROgFdicPqHLaWOk8JX1zbSC3YPTgaxsPZT6Ow8aNJdTeBfj5IEd&bizid=1023&dotrans=0&hy=SH&idx=1&m=&uzid=1&token=Cvvj5Ix3eewjyu0SicXSsyb2PB6DfZJTgtqib8fUj7mhMmzmkWswnLPvt8FTz555UhOQrrHQRZHhKAdDRaVzD1yoAhjFlBpl2v927cTmkHUc1icqcrgIgz9rLwpt7TxGfC4nqKFR6P1mwq3F5ic0eW2xnFqyyZ46AkcJ0kOf1f3odHw&basedata=CAESABoGeFdUMTExGgZ4V1QxMTMaBnhXVDE1NhoGeFdUMTU3GgZ4V1QxNTgiACoHCJBBEAAYAA&sign=b0HjS9aX4gDHv_nx8gne4vGRf6CBRXTkAdtNaTBieZODIo6ZRFyYFZz0LwzUcQyM-Lu7d6QtMh5X6TsdXlqYNw&ctsc=143&extg=8f0000&svrbypass=AAuL%2FQsFAAABAAAAAAAieKizjijvZ6Sn51ZNaRAAAADnaHZTnGbFfAj9RgZXfw6VxwbMB8XjsvlATbWPUmOCe5zJx9IBQ20grj%2BEJ6aFrag56ylcKcKjTKY%3D&svrnonce=1766676199,,781.49 MB,40:56,,7,8,16,13,2025-01-21 00:18:47,,2025-12-25 23:37:25,batch_profile,
ID_14575763315609897413,一个人如果在差的环境里被排挤，那他一定会在好的环境里被拥戴,陈小树陪成长,,,https://finder.video.qq.com/251/20302/stodownload?encfilekey=Cvvj5Ix3eewK0tHtibORqcsqchXNh0Gf3sJcaYqC2rQCpsjbVq2c8mGG9JBIZedIBZ48lwXqjuPKW6ayY4HEDgxJj9Aw9xMorkjnPqJMHXjR6SRKpcLwMsOvscsJKUSrq&hy=SH&idx=1&m=&uzid=2&token=x5Y29zUxcibBeFDOrmyp9scF2wpbQkBwvj8H0aKCOT1ljkkAY1tqDH5tq2AJf5QH65hHYkQiaAyem2Z7yapTicxUJoFk8yCj6gryDtbL2WQXpGz1w6bFvBoe5evxKZRAfpcgsqVZeCNy5QgwwzzyUyTojicN0TW9g8YIBXlosa8rOBQ&basedata=CAESABoGeFdUMTExGgZ4V1QxMTIaBnhXVDExMxoGeFdUMTI2GgZ4V1QxMjcaBnhXVDEyOCIAKgcI4DMQABgC&sign=S67j2mqOOLd_0o0pUbu6bGGt0lazgJ9lnXTTO9-Fu0yEtAsE9idKjutj0JdDVnfdoGB3V4KBYXvvLsuOjwRWNw&ctsc=143&web=1&extg=10f0000&svrbypass=AAuL%2FQsFAAABAAAAAABxud0aVHRbGfkcWl1NaRAAAADnaHZTnGbFfAj9RgZXfw6VK9t9Tw0g9%2FtHPCL%2BTqDpaopWRQxcRND29zNwAti4fAbculYTJJDiPyU%3D&svrnonce=1766677850,,13.57 MB,00:11,,18602,767,56002,21312,2025-01-23 01:19:49,,2025-12-25 23:51:11,batch_profile,
ID_14582223952572451257,女生一定要拼了命的把自己托举到好的环境中去，你要明白，越往下，人和人之间就是地狱,陈小树陪成长,,,https://finder.video.qq.com/251/20302/stodownload?encfilekey=Cvvj5Ix3eewK0tHtibORqcsqchXNh0Gf3sJcaYqC2rQCN2xCG5G82JYxIb6KuWHkNTMjvLXmUKichuV8z2I7GJQjgfWInkysQpJFokDBpmXt7ibOzYNxbRLccxHIsSyicTXe&hy=SH&idx=1&m=&uzid=2&token=x5Y29zUxcibBeFDOrmyp9sfsKbiaDnx69cN30GSm8lBvpEjKTvhxpKGzibUCcSNmV1NsgmCJs1mcU5FcuE5iawdF00A8FQcZD77JAIYuDInsGuH6FBNAjgFicKBuibia56AKsycgiapLGDKFVyAOkAS4sCVpfwHFKeWZLolc6qp2dynRZ4c&basedata=CAESABoGeFdUMTExGgZ4V1QxMTIaBnhXVDExMxoGeFdUMTI2GgZ4V1QxMjcaBnhXVDEyOCIAKgcI4DMQABgC&sign=imT_x9bQeuB_nbfggU2bVpkj02-PmW73fc-zeTw0PQaE2j4tqgwQuB7FvtdNnHtLtwm-pZtdcSLfi1cNYxvqug&ctsc=143&web=1&extg=10f0000&svrbypass=AAuL%2FQsFAAABAAAAAADF2UyjDLttsDQPWl1NaRAAAADnaHZTnGbFfAj9RgZXfw6VK9t9Tw0g94dHQEiaU93laopWRQxcRND29yxg6dV1jhavjQ06%2FOKi9d8%3D&svrnonce=1766677850,,24.43 MB,00:33,,26902,699,81302,62660,2025-01-31 23:15:57,,2025-12-25 23:51:17,batch_profile,
ID_14575766987018930620,在社交中，不要轻易展示你的洞察力,陈小树陪成长,,,https://finder.video.qq.com/251/20302/stodownload?encfilekey=Cvvj5Ix3eewK0tHtibORqcsqchXNh0Gf3sJcaYqC2rQCN55otM6YmyUTq5HDMEdQ0szHcjQjRbjkvsnyYfdWyga3oLZn5d3KsCTMeSS97cviaZ4oSOHLYhichYAdsUtgiaFB&hy=SH&idx=1&m=&uzid=2&token=x5Y29zUxcibBeFDOrmyp9sfsKbiaDnx69cHHyOc8Ugm9LeicAhL0C3GY2It2icC2C4D3rBl13PRoibibTEk4G7eXFLwzSf6I67Ub8v4bkpdUbUv61BcXia4lD3boDVfeouCjChqJ6tkIeRIiaxGacn6Tp8QaSGzsetHJvoKcjRUh9EMic2bY&basedata=CAESABoGeFdUMTExGgZ4V1QxMTIaBnhXVDExMxoGeFdUMTI2GgZ4V1QxMjcaBnhXVDEyOCIAKgcI4DMQABgC&sign=0346ETIqOh9P0Hw2iRXb_l3FXKGxh4BuhVb40eVkxmXUbULD8japvvZmpjSfSk5GY4rWNGbtsHhMuuaCH7doVA&ctsc=143&web=1&extg=10f0000&svrbypass=AAuL%2FQsFAAABAAAAAAAnOv6b%2FTxKp8c4Wl1NaRAAAADnaHZTnGbFfAj9RgZXfw6VK9t9Tw0g94JHXDvDZaHpaopWRQxcRND29x8s%2FQ7xh1gqEhu19QVpYZ0%3D&svrnonce=1766677850,,114.36 MB,01:27,,14702,2653,62202,36552,2025-01-23 01:27:07,,2025-12-25 23:51:22,batch_profile,
ID_14817869732065970659,聪明要用在激发他人善意而非嫉妒上,陈小树陪成长,,,https://finder.video.qq.com/251/20302/stodownload?encfilekey=Cvvj5Ix3eez3Y79SxtvVL0L7CkPM6dFibFeI6caGYwFGgIUzMkghp1ibFwNXpnVO24OsodWP9Om96ZibrM2jRjliamBibrmEgibqJ4YUP1e6ChJsegmmTskBFllhU7jfOjTNXGibwKVaHy75cibVchKXHY8a4A&hy=SH&idx=1&m=6d9d8d1e3a7d0d6360c196d21f87a96e&uzid=7a170&token=x5Y29zUxcibBeFDOrmyp9sdyjZyHGapqwDHGsAzSze9aUY29ESv70IaH27bdsNbYOODic2p4TicFGwPVkON8w87joGLdR1dicht7WFswrRCZL2uR7b9KvxiajWRIs8tia63AJ92OJia9FibVVVOkdB1WjZKYQ6nh5SEZdu7y4CtWibBMbxb0&basedata=CAESABoGeFdUMTExGgZ4V1QxMTIaBnhXVDEyNhoGeFdUMTI3GgZ4V1QxMTMaBnhXVDEyOCIAKgcI4DMQABgC&sign=7xr3AqOOMg0qpJOf3bDmzoFzpn3yKoCHUtQ1tRX25LbnzZ1i0JF23jr5KxoABBFeuz4JoDkST_NWNAVWhAkplA&ctsc=143&web=1&extg=10f0000&svrbypass=AAuL%2FQsFAAABAAAAAABkhH3gRkCcHz%2FGWl1NaRAAAADnaHZTnGbFfAj9RgZXfw6VK9t9Tw0g991HYFTifqmbbYpWRQxcRND29wbId0BuDKTENrgivYDOT7o%3D&svrnonce=1766677850,,80.07 MB,01:48,,47,8,308,279,2025-12-23 02:22:03,,2025-12-25 23:51:35,batch_profile,
ID_14817870181672815083,越是能扛事的人，越被扔进资源最缺，流程最乱的坑里，草台班子铁律：只追责，不赋能,陈小树陪成长,,,https://finder.video.qq.com/251/20302/stodownload?encfilekey=Cvvj5Ix3eez3Y79SxtvVL0L7CkPM6dFibFeI6caGYwFEV6GZ2vrzRC8uegoicJOQGQjhqqHmywibdnk75neWLzVghLnOraO2FZWGdj6pxNUOYH9ib470COuspdCYX5dJ7PxRuXnq4lS1ia02KGZGoeMibv9Q&hy=SH&idx=1&m=026a0e84514dcd8392971bb88244b4c6&uzid=7a210&token=x5Y29zUxcibBeFDOrmyp9sYfAxmWQx6iaDhKZAZZjIh4grvCZe3rhlR9PK3OIfv61MwVcaPs06vpqP6Dic6vu8pK38vwRswoUMWHjxmFfL8IETZRu606TFUAeJBn0n5enaz1fURHyB0N7wicmL0vzibiaR1DcJqichZBMQEloTiaUmb21aE&basedata=CAESABoGeFdUMTExGgZ4V1QxMjYaBnhXVDExMhoGeFdUMTI3GgZ4V1QxMTMaBnhXVDE1OCIAKgcI4DMQABgC&sign=QNUxj474hErIMWb75Zer5wVdMFQQs-0H4_zuy78VX4dj7-p-EWHPlZ5nOWp1f3a9cuC9KTenv4mpawx3wUtyGQ&ctsc=143&web=1&extg=8f0000&svrbypass=AAuL%2FQsFAAABAAAAAACUsZW6YOXa2l7WWl1NaRAAAADnaHZTnGbFfAj9RgZXfw6VK9t9Tw0g99VHAFnpc6mbbYpWRQxcRND295zO3NNULAyzmLdPfnS%2BzZA%3D&svrnonce=1766677850,,109.41 MB,01:41,,46,2,94,204,2025-12-23 02:22:57,,2025-12-25 23:51:38,batch_profile,
ID_14815539116222319021,年终述职，是一次四两拨千斤的机会#千问#职场干货 #年终述职 #年度总结 ＃职场晋升 #管理思维#年终考核 #年底晋升 #向上管理＃职场晋升,陈小树陪成长,,,https://finder.video.qq.com/251/20302/stodownload?encfilekey=Cvvj5Ix3eewK0tHtibORqcsqchXNh0Gf3sJcaYqC2rQBhpYr1NuichzfGicaUXqUhJMDp9MeNSYY0CbPsicqMLZTwx88iaY0qD97QSPkPwianeCFICG2iaHCN9v8bgSDiaNmlpoY&bizid=1023&dotrans=0&hy=SH&idx=1&m=&uzid=7a210&token=x5Y29zUxcibBeFDOrmyp9se34iaRuyuKE6DqHOZNTibcMDAlIwY5PxiaEicaNZhfwXia4AYxJxefL7kBuh1kckiapMF2xCPYTyaofK9btCt47oib7Q2zBsaspQhWbYvcHlyyPW5atlEm4DH8d3RAtrtN0E39WmHzibJXnBL7R3YN31aeAc4w&basedata=CAESABoGeFdUMTExGgZ4V1QxMjYaBnhXVDExMhoGeFdUMTI3GgZ4V1QxMTMaBnhXVDEyOCIAKgcI4DMQABgC&sign=YBd4RHdqXrBCxoxP4-zyognyrtMiVVmf2DrErFB4eIKp4i6CHHgktl-emASPleJIE3hf_wm6XUZS7HPCezqJ3A&ctsc=143&web=1&extg=10f0000&svrbypass=AAuL%2FQsFAAABAAAAAADqtIRoBIBzsyDeWl1NaRAAAADnaHZTnGbFfAj9RgZXfw6VK9t9Tw0g95NHABiedJeHbYpWRQxcRND294n6B2oq3GJfkLV6WPvNoto%3D&svrnonce=1766677850,,149.21 MB,02:47,,608,14,4865,831,2025-12-19 21:11:32,,2025-12-25 23:51:53,batch_profile,
ID_14817872004125624749,领导喜欢的下属是怎么样的？,陈小树陪成长,,,https://finder.video.qq.com/251/20302/stodownload?encfilekey=Cvvj5Ix3eez3Y79SxtvVL0L7CkPM6dFibFeI6caGYwFHhibDk69yibBD3oeDzfic8KlRmhIicuJBLFbQMwpw0WiaArKxxgwt1yL4hN0pXtjyRZmicF555ClLVYTqLMcOZqY9u9FuAT2o03mXHNCQw4bOZYyFg&hy=SH&idx=1&m=e1a0c9480511251380b5ffae3b70a8ce&uzid=7a15c&token=x5Y29zUxcibBeFDOrmyp9se34iaRuyuKE6wpFhrvMb7WSP4ia7wY9N0ic8gibzR7AlVqyMx38YrtKwvoFUrfa8GTTlaIdN4gHH2S5B9OzEu4TuFpsrxW3w7klgx4rSwMMWYcYyEf3xGOQr3WFh8ibMlrnAicjUicAvORCKF7nqic1687QXu8&basedata=CAESABoGeFdUMTExGgZ4V1QxMTIaBnhXVDEyNhoGeFdUMTI3GgZ4V1QxMTMaBnhXVDEyOCIAKgcI4DMQABgC&sign=cCouqskjtaZ3jAxSqYf4UrUyi2TstLuCqPGBJMsaShHEcc49iUqUJyn_IUY7j59hJ8yPZ6A1a576y4HUQ3fH-A&ctsc=143&web=1&extg=10f0000&svrbypass=AAuL%2FQsFAAABAAAAAAAVpiPTkRK%2B5JOQWl1NaRAAAADnaHZTnGbFfAj9RgZXfw6VK9t9Tw0g95NHLGKSPKqbbYpWRQxcRND295INb3QhYgewIJZmxzacr%2Bk%3D&svrnonce=1766677850,,105.47 MB,02:22,,57,23,575,763,2025-12-23 02:26:34,,2025-12-25 23:52:01,batch_profile,
ID_14810585211754645935,高智商女生如何不被利用性别优势，心怀鬼胎的男性压一头：外表极其女性化，内核极其男性化,陈小树陪成长,,,https://finder.video.qq.com/251/20302/stodownload?encfilekey=Cvvj5Ix3eez3Y79SxtvVL0L7CkPM6dFibFeI6caGYwFHmz7woNusz5nSfDraIQwt8XibbUMPp7RK9DCOUHz0JDibJnnfbDtUw5tUaaib3OD9kOfUln8HEqOx2zmqf3ia41XOiaL0P7YzibOZaIz5SqJP7hE6Q&hy=SH&idx=1&m=7332f424d2d827958ccd00b2012743e0&uzid=7a1fc&token=cztXnd9GyrGpq9nWMjiaJQ6M6j48afBYAxjYibgMNnibbHialqDLTS964WFDmF1bVwWxMd1loXISsaZvpHGmdjZRpzvu0p0kfVdhGha7juFibk30cGoZbVCviaEMbTh9RcNPRDsv1PGiaJ2NqJEzIlEuiaXMKyJbciaFEAp7UK0GfI700oibA&basedata=CAESABoGeFdUMTExGgZ4V1QxMTIaBnhXVDEyNhoGeFdUMTI3GgZ4V1QxMTMaBnhXVDEyOCIAKgcI4DMQABgC&sign=AdzV_H0gy2hSlITy-s9ZaC190xyP6Rq0_m5cRfTjPG3DEcJQiWkiAz-yX4g6qO8aevpklyLjqaXqhbjcFeDSJQ&ctsc=143&web=1&extg=10f0000&svrbypass=AAuL%2FQsFAAABAAAAAABpNTPbJ5X2ZoIFWl1NaRAAAADnaHZTnGbFfAj9RgZXfw6VK9t9Tw0g95FHcHitJrGObYpWRQxcRND298GU0y6NWCf1zsIkIwxIQjM%3D&svrnonce=1766677850,,249.38 MB,05:38,,73,16,587,542,2025-12-13 01:09:00,,2025-12-25 23:52:24,batch_profile,
ID_14810584544384518629,你想当领导，首先要像领导,陈小树陪成长,,,https://finder.video.qq.com/251/20302/stodownload?encfilekey=Cvvj5Ix3eez3Y79SxtvVL0L7CkPM6dFibFeI6caGYwFE5Oea8Qu5ibspibMSF1Y8aMibib03d62SgwicibbIG2UK4iauYC9v0e1TqcyBBzwK9rry6GUhvka4L87T9Hh6pdyP3Z1P5jyDTGDFZyZpM4cOVM4sfQ&hy=SH&idx=1&m=44b851fb632739d395c03b252740f626&uzid=7a21a&token=AxricY7RBHdU1l78Ux7FJ5g4jS89jN55iauMt7IudYia2DuMkSDk5BYia453uafcDuQOtN2KOV07Bv4xqEPGibwFgO7z57xP8zynLO8oD2s0RRkZHT3yDbUvdxsXxXM0OtNXl95UgCmYDW3LF1593BxWicDDk3KjAEdVurwjjTUOkibib04&basedata=CAESABoGeFdUMTExGgZ4V1QxMjYaBnhXVDExMhoGeFdUMTI3GgZ4V1QxMTMaBnhXVDEyOCIAKgcI4DMQABgC&sign=pN4oD3aJr6erldyI-qd2IuBLo6nWHFDwEsFHoAxaTg_1DWZA-EcNIYUfklIM5PLS862LVJeURhqHLUWBcJgOEg&ctsc=143&web=1&extg=10f0000&svrbypass=AAuL%2FQsFAAABAAAAAAASpqs8wx82gg9GWl1NaRAAAADnaHZTnGbFfAj9RgZXfw6VK9t9Tw0g99tHYFWTO7GObYpWRQxcRND29waWDprNjJx7MHO%2FBX6ESok%3D&svrnonce=1766677850,,169.98 MB,03:50,,214,48,2139,3085,2025-12-13 01:07:41,,2025-12-25 23:53:04,batch_profile,
ID_14771201517486540893,贪吃蛇日历2.0「图纸＆图文教程」#手工#贪吃蛇日历,一米阳光哈哈-手工,,,https://finder.video.qq.com/251/20302/stodownload?encfilekey=oibeqyX228riaCwo9STVsGLPj9UYCicgttv1t55qxicIP3rFiblz4AUcDtfANTGTH5TDqJDibc1Cx74Iw4pqWZYsdEXsbY3nkEEcibBRENJZic7wmpB5Dwd8TUlScj3gXVatHJBn2aXHnaLkGGI&hy=SH&idx=1&m=b3626789c83688642b6690e2cf79824d&uzid=7a210&token=AxricY7RBHdWdbs260WKqmJoMhPbcjb0dcPiaDZ2BE6xJQJkZOuvAHhD8mNXXHeZBDuiaW3l2qPGUt9NMngUy2LDb6Riaq4ibmzjEE9N6A1QxYAu8D6WicCb40oewjRqalN64JqXSFhWECFMxIVaicCDjcoKnzQBKibf2IRIpoTVhBXq9ibQ&basedata=CAESABoGeFdUMTExGgZ4V1QxMjYaBnhXVDEyNyIAKgcI4DMQABgC&sign=utyMDJQAbeYXTllHCp_CC4qC3fa5FAk2_lRTHFBfTUaakq4zv7e7xq0JMB6bHWdd_bM0fZyPHXYlbq9X8PbadA&ctsc=143&web=1&extg=10f0000&svrbypass=AAuL%2FQsFAAABAAAAAAB4B8aN6KjxtzFHXWZNaRAAAADnaHZTnGbFfAj9RgZXfw6VIEoW4gKTsVDv9t%2BA7Kl2AEmQrxg78qZmN%2FkdPNeRj%2F0%2FaZvI%2BNnA1wM%3D&svrnonce=1766680157,,6.68 MB,00:33,,48,5,135,41,2025-10-19 17:00:38,,2025-12-26 00:29:37,batch_profile,
ID_14819747739142916190,信不信，我能从苹果里变出「圣诞树」！！！#粘土#手工diy#不同的苹果圣诞树#圣诞节,一米阳光哈哈-手工,,,https://finder.video.qq.com/251/20302/stodownload?encfilekey=Cvvj5Ix3eez3Y79SxtvVL0L7CkPM6dFibFeI6caGYwFFG8vKvsJxmcBp6ekv2gDQeISwsYzXiaI6ZGISHL2rqhKLDLcoPjK5iatZeficwOTM24mVlnOyuMsUstcGw1STwicKicOYQiaSUBBP3YXRZW7Dmtotg&hy=SH&idx=1&m=d58e554343b2cbfbdc6e7849ccfec894&uzid=7a170&token=x5Y29zUxcibBeFDOrmyp9sV8dw1tnWPwZVlqYuQKwsnW46V8sNklEpltSGPXTCSFYx3ol0Qcqx19IK0YYW2ibt08Z97jRg35t1HFtUtPzWXnYPw6ULp611O9mRcP8VZibUQAiclXjXQxZkicKEZ5HzCSvFDMbEo3aNKtQI5Lxqel9zrE&basedata=CAESABoGeFdUMTExGgZ4V1QxMTIaBnhXVDExMxoGeFdUMTI2GgZ4V1QxMjcaBnhXVDEyOCIAKgcI4DMQABgC&sign=6DNB77gDGvZZtQ6SSjOXd9WeYP5SrwwtK2_dMtWR4D8mwiNG2Z-zR8Ra6OlAjOVafnGZkYzVX14LfQqXULxTwA&ctsc=143&web=1&extg=10f0000&svrbypass=AAuL%2FQsFAAABAAAAAAClqyiLFG4epKwnXWZNaRAAAADnaHZTnGbFfAj9RgZXfw6VIEoW4gKTsVPvhqCDnctdAUmQrxg78qZmN7coAzrYGArzoGpOY79BaLE%3D&svrnonce=1766680157,,122.82 MB,03:25,,8901,262,14602,5059,2025-12-25 16:33:19,,2025-12-26 00:29:46,batch_profile,
ID_14771199494116804663,年份换成磁吸的！这想法也太天才了！！#手工#贪吃蛇日历#DIY日历,一米阳光哈哈-手工,,,https://finder.video.qq.com/251/20302/stodownload?encfilekey=Cvvj5Ix3eez3Y79SxtvVL0L7CkPM6dFibFeI6caGYwFFZNycGZVYicjkezicQOvFFSSEepgibYnEAkiar6DRr1pnRiaKPxbZUBSnTRdHlbHM5cb3ct1q6JxJzMibn0TzD6wvARuyUjTy48hAc0gzkoyR20Y8Q&hy=SH&idx=1&m=593e035508ba9a3e9d1f37cf78ddccdf&uzid=7a1fc&token=AxricY7RBHdWdbs260WKqmKTx1j5KPBmSvjQuqEINKe1S9MP9Zb48jcYiaFPmKpMEZiakZ7yB97Zsw2tT97KfJ0ic4ib0qXbk2b2DGNwqZIzTkLETsScY4taY9QicYpOqE4mDpfia6lFpanPCmfd4tcuDAY0JhpCbIiaIiamAKheDkBZ3wJc&basedata=CAESABoGeFdUMTExGgZ4V1QxMTIaBnhXVDExMxoGeFdUMTI2GgZ4V1QxMjcaBnhXVDEyOCIAKgcI4DMQABgC&sign=08oitSu8jZEoU2VDm2ab-mvhYvyRwputfDAzPXTE8QMzS5otn2on5IbdJ-YAatRI6FKCtG4uPE_HwYN_dbC3Cw&ctsc=143&web=1&extg=10f0000&svrbypass=AAuL%2FQsFAAABAAAAAACkLlk2P5ecLJ%2FiXWZNaRAAAADnaHZTnGbFfAj9RgZXfw6VIEoW4gKTsTrvho6Rqap2AEmQrxg78qZmNwuQ%2BOrACqq8hqJ6ft27Tlo%3D&svrnonce=1766680157,,30.92 MB,00:45,,185,5,383,161,2025-10-19 16:56:37,,2025-12-26 00:29:55,batch_profile,
ID_14473217084102019132,"乌龟中的乌龟～～井字棋益智小乌龟(˶╹ꇴ╹˶)
#石塑粘土#手工#粘土#小乌龟#自制小玩具",一米阳光哈哈-手工,,,https://finder.video.qq.com/251/20302/stodownload?encfilekey=Cvvj5Ix3eez3Y79SxtvVL0L7CkPM6dFibFeI6caGYwFEXlIogoqTQpa4nZDJDwEu12dsFyq9ZX9CJehmtIUVdhQE7IU8JuCGia46F2ArTIibAQPhjy6SIR3gMFwxkQQzmNSlejXaIMn5EQZicGwiaiaKhUzw&dotrans=0&hy=SH&idx=1&m=2ef7e0c9c9fb9182ee5ffd322f59c07d&uzid=2&token=x5Y29zUxcibBeFDOrmyp9saqt8WNcuyABwJQnHypC8A60icl2STAjF7ryuLTibW83fXicOncbALnkcIltAjez0xCic5Jh3SQQ5PpN6v1345YJQic0spFxnkLicZZ6vggzUa5kgffCU0MWC98PQ8fHO8PyewZiaicVxrxgsibMpYJDa3Q81em0&basedata=CAESABoGeFdUMTExGgZ4V1QxMTIaBnhXVDExMxoGeFdUMTU2GgZ4V1QxNTcaBnhXVDE1OCIAKgcI4DMQABgC&sign=ox-C_N16y8n4OYHV4Mos1X6-v3_XokozaOEXjOpTkO-0yVIQyLW_S6s73Wr7wto_qqVe852kUuYbUNr0oxArcA&ctsc=143&web=1&extg=10f0000&svrbypass=AAuL%2FQsFAAABAAAAAADF5zD0x%2BKutb2CXWZNaRAAAADnaHZTnGbFfAj9RgZXfw6VIEoW4gKTsTHvmvzblJNlBEmQrxg78qZmN1aqo7nDnWiq2lfoqfhu0ms%3D&svrnonce=1766680157,,40.31 MB,00:56,,39202,781,46602,30590,2024-09-03 13:38:46,,2025-12-26 00:30:19,batch_profile,
ID_14465220953439602767,【教程】乌龟小背包来啦 ꒰ঌᐢ.ˬ.ᐢ໒꒱˚#石塑粘土#手工教程#小乌龟,一米阳光哈哈-手工,,,https://finder.video.qq.com/251/20302/stodownload?encfilekey=Cvvj5Ix3eez3Y79SxtvVL0L7CkPM6dFibFeI6caGYwFENJfrNMedAB79vc2zExByl3Mvb5D5UvPoKCaDkicutCJ4LoCmHxfibxHTfjNEf7G3Pvta1fFV3iav3ZOsvyJoKfKrcYjEDWHYmxMVsNAPD3g2cA&dotrans=0&hy=SH&idx=1&m=338bcc4524f9bce5a206d3cb77269b17&uzid=2&token=x5Y29zUxcibBeFDOrmyp9sak9HPonXvCqCiae3PM7wDwiblzRneqsdmCeaCjXpDPdWU3k98ORgMRjtJicRZJrEMeXzGaia3SsUvZMGA0K9UUlcNB4zqr4sOyCafueeRRltEtJFCEOibqeL4KdeEh53cZbzE88RkluqvjsCgGOI7YWJP9U&basedata=CAESABoGeFdUMTExGgZ4V1QxMTIaBnhXVDExMxoGeFdUMTU2GgZ4V1QxNTcaBnhXVDE1OCIAKgcI4DMQABgC&sign=5Hyb79CLi19rHehWjG0i2y1U_9ziz21TzL9JWfCdZRz1hLHso8A4VAqY8rq2Po0Bl_jny5_ihDUNooy_kuSDCg&ctsc=143&web=1&extg=10f0000&svrbypass=AAuL%2FQsFAAABAAAAAABWB0PLjWM1FDzzXWZNaRAAAADnaHZTnGbFfAj9RgZXfw6VIEoW4gKTsULvsv7f5u1XBEmQrxg78qZmNwntcZQeUfcyQijarMzqixU%3D&svrnonce=1766680157,,76.52 MB,01:45,,1266,68,1913,1544,2024-08-23 12:51:53,,2025-12-26 00:30:38,batch_profile,
ID_14511719222460942430,谁小时候没想过拥有♥守护甜心♥啊！！！！#石塑粘土#守护甜心#手工#粘土,一米阳光哈哈-手工,,,https://finder.video.qq.com/251/20302/stodownload?encfilekey=Cvvj5Ix3eewK0tHtibORqcsqchXNh0Gf3sJcaYqC2rQBpze7Gdo83iajLYIOXKcfmg6baNsV5HFBLYJng7eYBnctg6yNnibyf1meddtEed6CzHKI8o5bKxUG2ghcoEv8LuY&dotrans=0&hy=SH&idx=1&m=&uzid=2&token=x5Y29zUxcibBeFDOrmyp9sbL8vgGEMTEAA5iacupAAw860qCice40AlXWQia6ZzT2ylTBMB8v90aDvDE62ROVba80nDAkdFLO8vExVaKAatzRA0GzSOo7PdUujsSTz3oibVibv1JFSfHWxmey2fns6F9IZsKemiaQtQCmTG5jibSich2ELTo&basedata=CAESABoGeFdUMTExGgZ4V1QxMTIaBnhXVDExMxoGeFdUMTU2GgZ4V1QxNTcaBnhXVDE1OCIAKgcI4DMQABgC&sign=Wmd1lKOx2lWUOC-XoPOKJzFXmP_e9wXSWVAlFzqMY_mGnVpUz2mDO13zjbm-4l3-AdwHur1pBqMLDB8v8cV0Nw&ctsc=143&web=1&extg=10f0000&svrbypass=AAuL%2FQsFAAABAAAAAACWw3HVG%2BRWnCh3XWZNaRAAAADnaHZTnGbFfAj9RgZXfw6VIEoW4gKTsVPv8rO8q6E5BUmQrxg78qZmN8yWRtsFe%2F1VRwUxmp%2FX5mU%3D&svrnonce=1766680157,,106.60 MB,01:39,,1808,47,2281,697,2024-10-26 16:35:38,,2025-12-26 00:30:52,batch_profile,
ID_14818779710310979913,魔顿首款AI溶图LoRA上线，千问加持效率拉满！！！一键启动省心！除了单独LoRA，还准备了整合包，下载解压直接用，不用自己瞎配置！！！#AI #设计师 #溶图lora #,Modown魔顿,,,https://finder.video.qq.com/251/20302/stodownload?encfilekey=rjD5jyTuFrIpZ2ibE8T7YmwgiahniaXswqznu8OWymnzy2icbgFLicjtxdq9ibsLia9MJSKo8dAPX0z3zy1DasXSZiagksQgpSiczbWicBzEKeh0LrnnNbgrtibvKKxuQ&bizid=1023&dotrans=0&hy=SH&idx=1&m=&uzid=7a1fc&token=x5Y29zUxcibBc2ibTwHnRuvROolz1iaII5601Wm9f9r2TZUJONskTrj6KibdaEGBv1G4mJBgOZLnCJLnydTZ3TZyddHHPXEPgwJo47ib3tI0KPmyjW8icp5ibDqibhL3hkicUtULSUiaq9KU04XTmnPrcSmEIVhD6cVjAWpcbt6KM5noXmZ3A&basedata=CAESABoGeFdUMTExGgZ4V1QxMTIaBnhXVDEyNhoGeFdUMTI3GgZ4V1QxMTMaBnhXVDEyOCIAKgcI4DMQABgC&sign=c6aJzD2FxwIQn44TVoiIZmE3ubCF4En7_hmVusSfx0WMTF0jjld8dfe1WQ8O43NJXMigBbqIBxOzeuwcDPUSnA&ctsc=143&web=1&extg=10f0000&svrbypass=AAuL%2FQsFAAABAAAAAACicTvt61bH7QVI6cJQaRAAAADnaHZTnGbFfAj9RgZXfw6VZprbzRyU3eY5iZE2PwTL8ss4x8WExxOvanZtbBt57ZHJuSLDWb3C31g%3D&svrnonce=1766900457,,7.04 MB,00:21,,361,66,886,1871,2025-12-24 08:30:01,,2025-12-28 13:41:23,batch_profile,
ID_14818783740242172223,产品一键融入场景，作图效率简直了！！#AI #设计师 #电商设计师 #千问,Modown魔顿,,,https://finder.video.qq.com/251/20302/stodownload?encfilekey=rjD5jyTuFrIpZ2ibE8T7YmwgiahniaXswqzk56BV1Tb86Jrv3tialyXfJhADaNl39wflDLjSyZL8XaD0icFuWFz1teDGwDqfXMtibTVTcuLxZibkhkJc49cgSeGZg&bizid=1023&dotrans=0&hy=SH&idx=1&m=&uzid=7a1fc&token=cztXnd9GyrGtViarBgpBqyURGx3EG1xaVkxtuVXmJ6HIuz9ffGEKuTDrkB6GCsLHRInhVqoEZaKPoL0F9IMe9XsosBYXrMz2wrUQyp3fZ8jCdW14bhoNVl5eia0dssF7Bjm8ibyeY5zSl8zzdlLNkM5cy2sukXAORhzs6EKMbcicP74&basedata=CAESABoGeFdUMTExGgZ4V1QxMTIaBnhXVDEyNhoGeFdUMTEzGgZ4V1QxMjcaBnhXVDEyOCIAKgcI4DMQABgC&sign=-kV0r74GwMOtGiBhYE96QKbSGEqkqpN55kFfaDDlvopg2_4TwLXUR37Atv2u-Xa5LHrl3Xqx6jyaaEV_cbUFyQ&ctsc=143&web=1&extg=10f0000&svrbypass=AAuL%2FQsFAAABAAAAAACez0GDrXVoUDil6cJQaRAAAADnaHZTnGbFfAj9RgZXfw6VZprbzRyU3ZA5gbxRIgXL8ss4x8WExxOvar6QSQV4EBRv7XwfZ6HJxdE%3D&svrnonce=1766900457,,7.66 MB,00:39,,37,12,114,467,2025-12-24 08:38:01,,2025-12-28 13:41:23,batch_profile,
ID_14813004215739226454,试试OC的文生图，图生图，图生视频！！#AI #C4D #oc,Modown魔顿,,,https://finder.video.qq.com/251/20302/stodownload?encfilekey=rjD5jyTuFrIpZ2ibE8T7YmwgiahniaXswqzH0DfrRqsdLSu4P3huU5Oia809oDGyp0sZbF3a4sFYpeugVLaZ7fYUWZl93d9HYze8wlV7ZyVwVhXe0lQe5wGZMw&bizid=1023&dotrans=0&hy=SH&idx=1&m=&uzid=7a152&token=cztXnd9GyrGtViarBgpBqyURGx3EG1xaViauo7kiaia5XIjqeK0PQCnEKgRt2vUZoPIFJZZptggEmOxjBicCW0ANKlVtz211fMicPS3C7jzxCsX3LDcmIXtb7bibkdqCc6DQA1G99wxOqflKhicLpCaO0NKRTR13pTWBv8ZgXKQZyQ3c2Mo&basedata=CAESABoGeFdUMTExGgZ4V1QxMTIaBnhXVDE1NhoGeFdUMTEzGgZ4V1QxNTcaBnhXVDE1OCIAKgcI4DMQABgC&sign=qH7uvbJpATHYmV3nnuyrOl0l437Uon_U7mOM6JTpK20uPmU4aK9JSeE7IrXPb39Dp_QOvfERBahw5mFRmfi-HQ&ctsc=143&web=1&extg=8f0000&svrbypass=AAuL%2FQsFAAABAAAAAABbmzxXD0ikQJl%2F6cJQaRAAAADnaHZTnGbFfAj9RgZXfw6VZprbzRyU3fk54YMIECvR8ss4x8WExxOvatDncEjib%2BDjUZ9irmTuDlo%3D&svrnonce=1766900457,,3.37 MB,00:15,,3,2,14,18,2025-12-16 09:15:08,,2025-12-28 13:41:25,batch_profile,
ID_14812985967394363723,OCtane文生图、图生图、图生模型、文生视频来了！！！#AI #C4D #OC #OCtane,Modown魔顿,,,https://finder.video.qq.com/251/20302/stodownload?encfilekey=Cvvj5Ix3eewK0tHtibORqcsqchXNh0Gf3sJcaYqC2rQBpRYTJJdWI7tgmjSzicp3iahogJJsSHNhibCMhiaMlRxicMNJYPlI8YqUSmjoLV77icbMDuVN7ATUmVOuiaBSpADkR926&bizid=1023&dotrans=0&hy=SH&idx=1&m=&uzid=7a1ac&token=AxricY7RBHdX2N5vk3lE8eRE7iajfficwXLYgSsW6FVUUJBJ38ZXlHCib4LEDnrpicCK6rXlHzyK0hwmear6aHriaibqvgkn3BWMCahkljcjKBl5plg82FRiaA0Va3icqre2SAB7Ys2aK30B50ERj9tKLCPJClQtZUMk2FhmNR9KuE2qSEsE&basedata=CAESABoGeFdUMTExGgZ4V1QxMTIaBnhXVDExMxoGeFdUMTU2GgZ4V1QxNTcaBnhXVDE1OCIAKgcI4DMQABgC&sign=CQ-p3XIDu6bm_-rNyRZPWFvF-TV8pErFa234Tbj3cuuwAx_8vOwL3-M0KRCbtwzcKNvftbAR8xm0oNcbhuxXHA&ctsc=143&web=1&extg=8f0000&svrbypass=AAuL%2FQsFAAABAAAAAAArEarygaVAJ%2FZ56cJQaRAAAADnaHZTnGbFfAj9RgZXfw6VZprbzRyU3eQ57bQEAy%2FR8ss4x8WExxOvagNV1%2FJ4jbW776oQvfhJgIY%3D&svrnonce=1766900457,,8.49 MB,00:15,,3,,8,15,2025-12-16 08:38:53,,2025-12-28 13:41:29,batch_profile,
ID_14812425385100253493,1000多个机械零件包 应有尽有 #C4D #3D #3D模型,Modown魔顿,,,https://finder.video.qq.com/251/20302/stodownload?encfilekey=Cvvj5Ix3eewK0tHtibORqcsqchXNh0Gf3sJcaYqC2rQCzhN954uoveDiaEjLNiaN4PoKGOjD5Y7HyBYtR1OEyibXjRGkp3gsJsaxWE3tbgC2fo9hmFSlQ0fSIzPsukC3b8Kd&bizid=1023&dotrans=0&hy=SH&idx=1&m=&uzid=7a170&token=x5Y29zUxcibBc2ibTwHnRuvRuz9n4y0REzlJSoU5lTia3ic8W8VictF7ko3py8JABaRkEoqwZ8dk8giaA9NGMSEwvb6fsTldBYDswAQ2n5R92uvj225dcbxA08CGvafy0dP5Epj2NMBxpWyUFDWHjd7IJbgz7AVd4cIcZu1mdAnvL4nYU&basedata=CAESABoGeFdUMTExGgZ4V1QxNTYaBnhXVDE1NxoGeFdUMTEyGgZ4V1QxNTgaBnhXVDExMyIAKgcI4DMQABgC&sign=g3cERbUdIhZ5UeJncq2drR-QB31eBYPpgb68ODz2aRwolVReeOXNDGDx5yPjjvobFK_B2AMJ-9W4QnURwRivJg&ctsc=143&web=1&extg=8f0000&svrbypass=AAuL%2FQsFAAABAAAAAADtBokd8M2oW%2BGx6cJQaRAAAADnaHZTnGbFfAj9RgZXfw6VZprbzRyU3Zo55ZgQRi%2FQ8ss4x8WExxOvaqfUzMm8XISnG8ayNyG7hjo%3D&svrnonce=1766900457,,10.51 MB,00:15,,9,3,16,25,2025-12-15 14:05:06,,2025-12-28 13:41:35,batch_profile,
ID_14805021555795892543,K死了？#C4D #3D,Modown魔顿,,,https://finder.video.qq.com/251/20302/stodownload?encfilekey=Cvvj5Ix3eewK0tHtibORqcsqchXNh0Gf3sJcaYqC2rQATeoI2PkxHVVicFgsQBbZsdRM6jxFnWPrJI9hm5REcwTtfbwiaVMo1Qb5HSOGNdJP52NRK3QIrAvV71ODU5VAFUL&bizid=1023&dotrans=0&hy=SH&idx=1&m=&uzid=7a148&token=x5Y29zUxcibBc2ibTwHnRuvR442VDVuQ2aib8LibZX4y8icRXOUOHHBdib9NF7UCpqhleT4hpQ5pfQpeJicvGID4uelPxKLAqT0uqT2HtbPC1iceZDMeibw7Z2QhicpVKRfEvNt27fvlUh7fO0KgRRcVUTk5CDnIxdAE8BSItFxsrV6WVhoE4&basedata=CAESABoGeFdUMTExGgZ4V1QxMTIaBnhXVDE1NhoGeFdUMTEzGgZ4V1QxNTcaBnhXVDE1OCIAKgcI4DMQABgC&sign=5Bj9rdPDtChWCZYSboGzmP64PWEMpJwalxi0c1RVKn69Uj7qHIVl7d377guyY_21g2NEbadTim2_LEhGo4Ed6w&ctsc=143&web=1&extg=8f0000&svrbypass=AAuL%2FQsFAAABAAAAAAAkz5rIJzWdx9wd6cJQaRAAAADnaHZTnGbFfAj9RgZXfw6VZprbzRyU3ZA5vdY1Hjyj8ss4x8WExxOvakOJ0OeMc%2BIdeRWVBRlBjhQ%3D&svrnonce=1766900457,,13.20 MB,00:15,,10,13,35,27,2025-12-05 08:55:01,,2025-12-28 13:47:21,batch_profile,
ID_14807442447773800776,超实用数据线神器！感谢 “氦杰客” 的无私分享，其他平台同名，感谢大家关注作者，资源已上架魔顿 #C4D #3D,Modown魔顿,,,https://finder.video.qq.com/251/20302/stodownload?encfilekey=Cvvj5Ix3eewK0tHtibORqcsqchXNh0Gf3sJcaYqC2rQClTGicRjeL5ysgzjecdsFV1ZPVO9q6ACjRtWUr86rhtJtOxUC02Pd5FRsm9CSWgNO8hmXvwIleQFicuZic6swwLib2&bizid=1023&dotrans=0&hy=SH&idx=1&m=&uzid=7a1ac&token=AxricY7RBHdX2N5vk3lE8eRE7iajfficwXLf6Zlz2WuQDDnsfPMkqqpTIk4TwhE9vFKND78DSK1CdSZicI6iboULgicoFZDUAxvY6WzQvEKdiclzEia55anibQKpU6RNHajXyg6mICdOCiaC9UbiaGO4XjZf82GianJ4ZYMm1FLyF5EuCK3X1kA&basedata=CAESABoGeFdUMTExGgZ4V1QxMTIaBnhXVDE1NhoGeFdUMTEzGgZ4V1QxNTcaBnhXVDE1OCIAKgcI4DMQABgC&sign=gFQByItPrVrpFxjvva2yTKkR2kJMDdgeWYE5kC6yxPNwIWqa-JcbWTN9d4AyiBNs3mq75tfo9oAllBQ75eB5MA&ctsc=143&web=1&extg=8f0000&svrbypass=AAuL%2FQsFAAABAAAAAABAPk%2Bhl9LBAfSX6cJQaRAAAADnaHZTnGbFfAj9RgZXfw6VZprbzRyU3ec5haMoRRqn8ss4x8WExxOvahCONwbU7s9MZC5Kv%2BSsQVs%3D&svrnonce=1766900457,,15.86 MB,01:13,,19,9,62,128,2025-12-08 17:04:54,,2025-12-28 13:47:22,batch_profile,
ID_14798498573133617652,C4D作品源文件+制作课程大公开 感谢@淮情c4d 淮情大佬的无私分享，感谢大家持续关注这位大佬的视频,Modown魔顿,,,https://finder.video.qq.com/251/20302/stodownload?encfilekey=rjD5jyTuFrIpZ2ibE8T7YmwgiahniaXswqz5GMk0Cic7Oj74scFPQFRLND163ESP8Toj4RMDbzMptZIh0S6xibwEwaj0U5qYibcAniad2VaHlK8RNeloXP0M8J4Hw&bizid=1023&dotrans=0&hy=SH&idx=1&m=&uzid=7a170&token=AxricY7RBHdX2N5vk3lE8eeUiaqKTVAsvvufibx7zbdiaA5Zwv0rsTvM0u7txNqJm6dHDtXay3VN5prSmg9qcowOF29UO8Ticib4EkMk0OMqg4qjzibmmTyWic0I3wzCdiaiaWUGNX8pcMvoI2cibnYSpx3hxq6YNh9fIicBxLVia3Kia0gpfHsib0&basedata=CAESABoGeFdUMTExGgZ4V1QxNTYaBnhXVDExMhoGeFdUMTU3GgZ4V1QxMTMaBnhXVDE1OCIAKgcI4DMQABgC&sign=iglxbmHdI_Z_7NAka2VSW0NMLoHjWVe_CeJCB6XFyUsaEAcIbCX5c9dZ_Xi86xK3-pJMXa2M1TtzK73Qn7gwMA&ctsc=143&web=1&extg=8f0000&svrbypass=AAuL%2FQsFAAABAAAAAADmU8AvW2md888B6cJQaRAAAADnaHZTnGbFfAj9RgZXfw6VZprbzRyU3ds45dkpCgm38ss4x8WExxOvatl5pN0koaKr6mjcmi926Ss%3D&svrnonce=1766900457,,4.53 MB,00:11,,2,2,10,6,2025-11-26 08:55:01,,2025-12-28 13:47:24,batch_profile,
ID_14797789987900627450,这活还干不干#c4d #3D #建模渲染 #3D设计,Modown魔顿,,,https://finder.video.qq.com/251/20302/stodownload?encfilekey=rjD5jyTuFrIpZ2ibE8T7Ym3K77SEULgkiaEl9WPHNSSj5gburn5MONvKKvlO3tlUhaSQoicXql7ibgFQ9iaLQEpuNa9MAwGAqMyatic7bauOTuprj7M9yM00BqMw&hy=SZ&idx=1&m=&uzid=7a206&token=AxricY7RBHdX2N5vk3lE8eVAuBQZayiaRP9zho35Ts63xHKiaHiaEDJfI1aWXtjzItLGOKJ9viaVPKNHXujoA90GHDTOUqD1F8p3Edas2IhVqaWyXvOibj0jaMzlRKL2O2iaufMcvOfsYwfXAia3PI3NZMtX5QlKyRAQo2j5sF6nQDG0TMw&basedata=CAESABoGeFdUMTExGgZ4V1QxMTIaBnhXVDEyNhoGeFdUMTEzGgZ4V1QxMjcaBnhXVDEyOCIAKgcI4DMQABgC&sign=MRkZe1AQrlMSntJVyHuLuNLkBhN7vM4bMSZk7VVn2c5-zs2Ac3SkjpiDN4JKT7esvsDShqGsuyEOAx13IwhvNw&ctsc=143&web=1&extg=10f0000&svrbypass=AAuL%2FQsFAAABAAAAAACZjX5VRJTXFDQ17sJQaRAAAADnaHZTnGbFfAj9RgZXfw6VGNf2xBL8SV5ItY84qd%2FFeksOc0EemT6qc%2FvOrvynFc9MsvK6i6T2Jew%3D&svrnonce=1766900462,,1.86 MB,00:09,,35,14,94,51,2025-11-25 09:27:11,,2025-12-28 13:47:25,batch_profile,
ID_14797374328506751497,非常逼真的兰花花朵盛开C4D动画，带ABC格式，通用其他软件 #C4D #3D #C4D动画,Modown魔顿,,,https://finder.video.qq.com/251/20302/stodownload?encfilekey=rjD5jyTuFrIpZ2ibE8T7YmwgiahniaXswqzOIWKKiaian3Gw1WpE4ucujW5xkvVRH5pMDC2ybEtpeWVIeGxLib4Ytgfibz1NRFUsRohTqe7iaH4WfZ1COTlGG9dxQg&bizid=1023&dotrans=0&hy=SH&idx=1&m=&uzid=7a21a&token=x5Y29zUxcibBc2ibTwHnRuveNPEcqWy414fbaqvxpJOlnkA45URIEhfI9a9mbOxyY7Eo8oC3cpnW3mwT2XMtjpC4gNsYmcZWiaMqZr56XViaUKstDvI34DDddOhe3RHgibu0eKhAlCC1xicqvwHVq2xvRPOQqAV0vXywUibnv96K59xOqI&basedata=CAESABoGeFdUMTExGgZ4V1QxMTIaBnhXVDE1NhoGeFdUMTU3IgAqBwjgMxAAGAI&sign=n8FTT4gGhvNs4fgO-Zz65_7Wep1IXmnRVfFLtW9px_ac55gh1cIIe1YIoPYBSwegKjUsePjiZSjDd8zLK_Z-xg&ctsc=143&web=1&extg=8f0000&svrbypass=AAuL%2FQsFAAABAAAAAADp1YarVVBuIxpX7sJQaRAAAADnaHZTnGbFfAj9RgZXfw6VGNf2xBL8SS1PqZsU6vnGeksOc0EemT6qc%2BPnAB1i5U1n01p3%2B0hS%2F5E%3D&svrnonce=1766900462,,1.58 MB,00:07,,2,1,4,3,2025-11-24 19:41:20,,2025-12-28 13:47:28,batch_profile,
ID_14803565960396675373,C4D汽车动画绑定工程 #c4d #c4d动画 #3D,Modown魔顿,,,https://finder.video.qq.com/251/20302/stodownload?encfilekey=Cvvj5Ix3eewK0tHtibORqcsqchXNh0Gf3sJcaYqC2rQAFBpX5AnZpqDIj6StpKm3tOjGnnynFX6af4UHK3RlSx6c75IndgdE8ub4CMETCUy2EedyYlQuJYD8XL9dWfX7I&bizid=1023&dotrans=0&hy=SH&idx=1&m=&uzid=7a152&token=x5Y29zUxcibBc2ibTwHnRuvZpfCricKqrdqTZUgOibicicx4lgINO7qDSFkenldBkJp8Ox0RVM70tbj6q6dRyVADegRoIPxb31tabBKbDIMEo4rP7tMYWibThPCfesG6tfqSicbvTzZNt0PicS4zZX9kICicB0ET78BEQMEBo2KkRhyyMZMnA&basedata=CAESABoGeFdUMTExGgZ4V1QxMTIaBnhXVDExMxoGeFdUMTU2GgZ4V1QxNTcaBnhXVDE1OCIAKgcI4DMQABgC&sign=RMgyece8oSMPaEOmDiNxOPCKlgR55Xk0ccB3eaEQNl8n32jdIqkdvYfnQmcyr3c4HiFLAWto2YIImPB6cgOfkg&ctsc=143&web=1&extg=8f0000&svrbypass=AAuL%2FQsFAAABAAAAAABd043n2sqsS3V76cJQaRAAAADnaHZTnGbFfAj9RgZXfw6VZprbzRyU3YI56Yt5Egmg8ss4x8WExxOvauYSXB05yNihFS4nYy6mgVA%3D&svrnonce=1766900457,,30.00 MB,00:25,,20,9,41,48,2025-12-03 08:43:00,,2025-12-28 13:47:28,batch_profile,
ID_14821763879459166558,小孩哥遇洒水车一路拼命躲避，直到跑不动后......水停了！#轻松一下,896汽车调频,,,https://finder.video.qq.com/251/20302/stodownload?encfilekey=Cvvj5Ix3eewK0tHtibORqcsqchXNh0Gf3sJcaYqC2rQAfdg8GAkrLcSlUfDff9iawAm5YJz8JiaRPia9iafibsib3gNI1yA1920V3My2wcsfOWchpv9Hib0iaY9hKsGHHeHAibKjUA&bizid=1023&dotrans=0&hy=SH&idx=1&m=&uzid=7a260&token=cztXnd9GyrGtViarBgpBqyU56kWsOMW0UrB05MeWeicZJ9uHEFpiaXx7SOmcdntZLswibFEecbgQX1JpCMS6cPkpek97KbicUaDZ8JNohQ7RsnHrlicWBecyAuI5HhAH9qxGLsqKvOygibczd9ST0HdALbSBv8S4pXpISLerqq44r2NJs8&basedata=CAESABoGeFdUMTExGgZ4V1QxMTIaBnhXVDExMxoGeFdUMTU2GgZ4V1QxNTcaBnhXVDE1OCIAKgcI4DMQABgC&sign=QcSSMQD_2JyFpOStS1DFs2bfDz305n3qc5rLWrtcv96wsm89Qe24VYQNHmoBB8A9sUPE-tFCw6mUneQYBiN-lA&ctsc=143&web=1&extg=8f0000&svrbypass=AAuL%2FQsFAAABAAAAAABmnt12gJNmKAfqfctQaRAAAADnaHZTnGbFfAj9RgZXfw6VkipGuEdNaXw7rBJzANQVAAJPqHOYbRPvrt0lHsvv6XbPUJ%2FuIv6l8iY%3D&svrnonce=1766902653,,12.16 MB,00:17,,4,5,28,16,2025-12-28 11:19:01,,2025-12-28 14:18:15,batch_profile,
ID_14821422119177165170,"八方鸿运喜相连！今天是12月28日，星期日，农历冬月初九，祝您事业八面春风，财源八方汇聚，好运四通八达，早安！
#早安 #美好的一天从我的问候开始 #财源滚滚 #12月好运 #祝福",896汽车调频,,,https://finder.video.qq.com/251/20302/stodownload?encfilekey=rjD5jyTuFrIpZ2ibE8T7YmwgiahniaXswqzJwT5o6soiaRibiaxYniasLC2F9IFTW2hV7xTNmWDAqwcPTnjiaJA6xuI8rV73czHcq6gbfjKjUvhW98PmoypajJksmw&bizid=1023&dotrans=0&hy=SH&idx=1&m=&uzid=7a166&token=AxricY7RBHdVpjZKc4PCNzlCao0ib9pkMHC3uWP5OOgJVqrJGgRhlqJB4dJ4n5aTJqUVKruDkjqvLBvq9uKaoicfVA3OCr7phlTOInGkM9W8VcrwXqrzI7RQko7T9u1iaicgoSp1lEad0DGTI8QMVQJW2jNe46ic2icGqJA3zm32BSmWJ0&basedata=CAESABoGeFdUMTExGgZ4V1QxMTIaBnhXVDEyNhoGeFdUMTEzGgZ4V1QxMjcaBnhXVDEyOCIAKgcI4DMQABgC&sign=i6ldI9-u_8ZCyYvByn4qdG-h7S0fO4ia7myL2YOZ3fFRHQhKnJVr9XzZ884KiN0PpVp45-bnM1keSJo25K9pmQ&ctsc=143&web=1&extg=10f0000&svrbypass=AAuL%2FQsFAAABAAAAAABR3cyE980Xm06pfctQaRAAAADnaHZTnGbFfAj9RgZXfw6VkipGuEdNaVA7mHBMa5sVAAJPqHOYbRPvrqh5bN967fHl2apuXZGDVPI%3D&svrnonce=1766902653,,2.69 MB,00:10,,227,47,217,11119,2025-12-28 00:00:00,,2025-12-28 14:18:16,batch_profile,
ID_14821301329372256621,多地#保时捷 4S店“跑路”？经销商回应：集团实际经营情况困难，暂停营业#郑州中原保时捷,896汽车调频,,,https://finder.video.qq.com/251/20302/stodownload?encfilekey=Cvvj5Ix3eewK0tHtibORqcsqchXNh0Gf3sJcaYqC2rQBCibuQqQQLUQj0OAtj7d8G4L7D9qu7FodqXONNQafN5VpfmekRZzHBSr2ZnaDONwSiaTGHZgpXzHMVUdia5ibYDk7R&bizid=1023&dotrans=0&hy=SH&idx=1&m=&uzid=7a1ac&token=AxricY7RBHdVpjZKc4PCNzlCao0ib9pkMHCZOqBRvgOt1eY2C5ic0dhwWLlYWoicUBk6ccjmjJ1pnkzCvAA2KZACvn5Z6gMicJlftg96ETib1yeTlcnv3UT1DCA5tcqyVeKXOq47OCia8AJqdYvyZkqcYXwye48lqwk3m8ibUQZyWicMs6rc&basedata=CAESABoGeFdUMTExGgZ4V1QxMTIaBnhXVDE1NhoGeFdUMTEzGgZ4V1QxNTcaBnhXVDE1OCIAKgcI4DMQABgC&sign=7GHqoUoPpVDgAVYA8ldmzE5_HExrBt6EKF6ZoG5jsP5e7jMUnB4EgX0gYSgTrjBYxfWsUOkzS8EpVS1-2IJmoA&ctsc=143&web=1&extg=8f0000&svrbypass=AAuL%2FQsFAAABAAAAAAAO1gZzdgfFw4RLfctQaRAAAADnaHZTnGbFfAj9RgZXfw6VkipGuEdNaU87oH91Fv8aAAJPqHOYbRPvrvl%2B0MnD%2BefEtJzemiRGvRk%3D&svrnonce=1766902653,,16.75 MB,00:13,,2,,3,6,2025-12-27 20:00:01,,2025-12-28 14:18:19,batch_profile,
ID_14821240928232544651,电影#飞驰人生 3定档马年春节！#沈腾,896汽车调频,,,https://finder.video.qq.com/251/20302/stodownload?encfilekey=Cvvj5Ix3eewK0tHtibORqcsqchXNh0Gf3sJcaYqC2rQAG84lfF1f4uQPqasbChrwv2vEN75YQ4OA2WPzVcrAsbdqYdicC63rCniajBCtPd4t2yVhadDpYJY2kftKYBia68na&bizid=1023&dotrans=0&hy=SH&idx=1&m=&uzid=7a170&token=AxricY7RBHdVpjZKc4PCNzlCao0ib9pkMHfIVPI8xCqnO82WkXoCYKL4nIqMjQJzT7wJUTXYJOFzqUkSwET01n3jf5wC8Uau3knEJeuSGLsAxCJZywMiaLhjmpu8P2nRBmhoBict6LicMiaAMjAcCDhFTz2yECaTiceFpKFdLBhLxAnbh8&basedata=CAESABoGeFdUMTExGgZ4V1QxMTIaBnhXVDExMxoGeFdUMTU2GgZ4V1QxNTcaBnhXVDE1OCIAKgcI4DMQABgC&sign=_YwMv0Y2atm3-zVMSu3AXljOe91RZ3Q1e8O2_YA2kSzvRj4dd3S81jUtjgWjC9cXLv1xDq5FXPBAPMQgyiKYog&ctsc=143&web=1&extg=8f0000&svrbypass=AAuL%2FQsFAAABAAAAAABgQPy0wOLe%2Fc0AfctQaRAAAADnaHZTnGbFfAj9RgZXfw6VkipGuEdNaSk6iANgdOIaAAJPqHOYbRPvrvngqSC1nQGiZ9ZAKvdPSMY%3D&svrnonce=1766902653,,10.05 MB,00:08,,11,,14,9,2025-12-27 18:00:01,,2025-12-28 14:18:21,batch_profile,
ID_14821696427263007084,#海豚 表演仅靠尾巴驱动，直立身体在水上快速移动！网友：不敢信！快告诉我这是 AI？#萌宠,896汽车调频,,,https://finder.video.qq.com/251/20302/stodownload?encfilekey=Cvvj5Ix3eewK0tHtibORqcsqchXNh0Gf3sJcaYqC2rQBiba8laA8M1OWz3L0R6LY5QEzqWonP6GXcaicGHIuHCiaNcobEicQbKD3I5dCcukBGkH4JgqI0kX2tentkMzsLSMxr&bizid=1023&dotrans=0&hy=SH&idx=1&m=&uzid=7a1b6&token=AxricY7RBHdVpjZKc4PCNzhQIoAwowsb6esGcDxR5SIojwly60QRPqOPqPBbMXpxJod9LuScibxLNzhEKO31icIBee2o4T4Cib1vH5AVgmficcdGCMgpcFGgFTEgEpc3pXtZEvRv4WsUPQPHbv1RlKCTkyqic4TuDziagd3ibNA6ia2Q5PKY&basedata=CAESABoGeFdUMTExGgZ4V1QxMTIaBnhXVDExMxoGeFdUMTU2GgZ4V1QxNTcaBnhXVDE1OCIAKgcI4DMQABgC&sign=wGededVXeHhBF-Jv1EHgQTDkxmvXG7o7eeUKQ0q8E10SJ4C3SKIvDbf6OK1aloNjqOlsHShfRukQ5iu_MQz8lA&ctsc=143&web=1&extg=8f0000&svrbypass=AAuL%2FQsFAAABAAAAAABQebFjnFq%2Bqp%2FhfctQaRAAAADnaHZTnGbFfAj9RgZXfw6VkipGuEdNaU476BACPMUVAAJPqHOYbRPvruvWEKlqbw8Qb7F3V9ZmLlw%3D&svrnonce=1766902653,,16.66 MB,00:10,,6,1,12,2,2025-12-28 09:05:01,,2025-12-28 14:18:22,batch_profile,
ID_14821180534172424562,再踩红线？！“嘎子哥”#谢孟伟 成“老赖”#嘎子,896汽车调频,,,https://finder.video.qq.com/251/20302/stodownload?encfilekey=Cvvj5Ix3eewK0tHtibORqcsqchXNh0Gf3sJcaYqC2rQAld21f1cKfmmq9iaHRyuBu5ptY1UibL8GI5zutWfC2vG8CMgzbX2ORN9BaKmAsEcL7vqZuichGWI2tibbzlTibP9Zmu&bizid=1023&dotrans=0&hy=SH&idx=1&m=&uzid=7a21a&token=x5Y29zUxcibBrBLUtmciafYI1rIiaGc32G4nt2d5NsciabAlGDr0jmmoS5Efv1U6xVUM7abqLrczLIzRDEKRONb5lOFlTreB2wkKsiaiczpMqJ5vLeLk2eEPmYl9DE88HVQnBEaWk6ydZe6fmfWDaIeYibdh9H1arrsmGHpCJGTl5IlpwY&basedata=CAESABoGeFdUMTExGgZ4V1QxMTIaBnhXVDExMxoGeFdUMTI2GgZ4V1QxMjcaBnhXVDEyOCIAKgcI4DMQABgC&sign=e0_msLIpDQtCIQHinlYskMxUknLqnY7aGjtcxr8DQLlWipAcMnQSJkJp_S2_V_1NpwC7eMb_j2D6mHAbn3L5hQ&ctsc=143&web=1&extg=10f0000&svrbypass=AAuL%2FQsFAAABAAAAAAAaf7aVtORxQUUbfctQaRAAAADnaHZTnGbFfAj9RgZXfw6VkipGuEdNaVA7iFdGUtAaAAJPqHOYbRPvrjO8QCe1V9SntYCN0c41W%2FY%3D&svrnonce=1766902653,,10.46 MB,00:09,,218,,400,219,2025-12-27 16:00:01,,2025-12-28 14:18:23,batch_profile,
ID_14821120131853130115,部分饮品的高咖啡因含量易引发失眠、心悸等反应?#霸王茶姬 回应：法务部门已全面介入,896汽车调频,,,https://finder.video.qq.com/251/20302/stodownload?encfilekey=Cvvj5Ix3eewK0tHtibORqcsqchXNh0Gf3sJcaYqC2rQCZpJweUBqlqmsOYQGZaaooBTD4hGVOZxGVHGIic7ic7hOnVZx9ic1TPyS9yOnm3VJ4Yr7ZcqJNJicZEoe5RjSzMeoY&bizid=1023&dotrans=0&hy=SH&idx=1&m=&uzid=7a1b6&token=x5Y29zUxcibBrBLUtmciafYDggr35LmqVicGh7QpsaRsmE6IzgUf3y5q4DOnibtPeugMrpjXS9rIA6cqmgB0nwSxBUo6SHPljXib9v3XCJsxKjCkmDJdrZiciasEeKVSBtUaTuhw1uX8Nm41AAUiciaesUDLanmsOXUGicovBib3oQzI42MoYA&basedata=CAESABoGeFdUMTExGgZ4V1QxMTIaBnhXVDExMxoGeFdUMTI2GgZ4V1QxMjcaBnhXVDEyOCIAKgcI4DMQABgC&sign=GnqkAxwS_6CdrtE1eA7swe6T84pxl6fthkr6QFOzOvH0y8bQmPuR6lpV0N3qOVCAR_ngx2OZWqUCbtFzW9v4rA&ctsc=143&web=1&extg=10f0000&svrbypass=AAuL%2FQsFAAABAAAAAAC3lht6s5tbBw%2F%2FfctQaRAAAADnaHZTnGbFfAj9RgZXfw6VkipGuEdNaSE61E5OMMYaAAJPqHOYbRPvrkdu2QWPR71DZZAuCw0JdUU%3D&svrnonce=1766902653,,9.15 MB,00:08,,15,,27,41,2025-12-27 14:00:01,,2025-12-28 14:18:27,batch_profile,
ID_14821821754278353294,阳光下的治愈一幕！狗狗：等我挪下窝 这里暖和 #治愈一幕,896汽车调频,,,https://finder.video.qq.com/251/20302/stodownload?encfilekey=Cvvj5Ix3eewK0tHtibORqcsqchXNh0Gf3sJcaYqC2rQDKfqWnR55NticRReq9EDUibibadMznvesibn25cfswnVrMyGvDNcnmAicNhvrZfHYlCzEB2iaNbKeSpY2FjSf7qXgV0m&bizid=1023&dotrans=0&hy=SH&idx=1&m=&uzid=7a22e&token=x5Y29zUxcibBrBLUtmciafYO0SD8rSxfAhMCY9o5P0oFjK9MLErX0z6ribEUlANhxaf3Dticq5xuSjQvIoia9kWeLbAEpDKqXLDgoTcFbC7ibK3J0OMhLZ5ictlrM31sOr5q6ic7qGykJd7yEGqoVraqCjYJN0x5E9bxsGp4icS0Vb0KSvz4&basedata=CAESABoGeFdUMTExGgZ4V1QxMTIaBnhXVDE1NhoGeFdUMTU3IgAqBwjgMxAAGAI&sign=O5JqOwDsM1mHQRJ2XUUpWQ-0KqovM3Kt_Z-xeI56qOW8ovrainMLXu_2VFTtbCzQQOYrux6oOWLkQ7T-oN_k2w&ctsc=143&web=1&extg=4f0000&svrbypass=AAuL%2FQsFAAABAAAAAAARXtk8IeNjDL11fctQaRAAAADnaHZTnGbFfAj9RgZXfw6VkipGuEdNaSw6hFJDfOYVAAJPqHOYbRPvrtk9EVrW%2Bh6GuGyDtdZdJV8%3D&svrnonce=1766902653,,20.91 MB,00:41,,2,,3,,2025-12-28 13:14:01,,2025-12-28 14:18:29,batch_profile,
ID_14821211051782117744,#西安地铁 15号线一期将于12月29日11时开通初期运营,896汽车调频,,,https://finder.video.qq.com/251/20302/stodownload?encfilekey=Cvvj5Ix3eewK0tHtibORqcsqchXNh0Gf3sJcaYqC2rQCeyibMQWmHicRbsyypT4MQfbibLypWiafM8QYNjGq5KlzPNWPSjFeKlJfVlP2JvANaQ2Vro2frh0dgYBs9d0IqwXrc&bizid=1023&dotrans=0&hy=SH&idx=1&m=&uzid=7a22e&token=x5Y29zUxcibBrBLUtmciafYP8LM5MQLTtCpfCH63icIB1o7IibFfra1gCmpZHMMU5ZIjXn3LPPTicXZohZKJNT8Pg6pMlFUSEnM6MITicCriadno9NQSRzCoHRa6bPn5Shv7lDjy77hONViaTLib5nQlChZicxuNARiaKYN0NFL5H7n9BhcMw4&basedata=CAESABoGeFdUMTExGgZ4V1QxMTIaBnhXVDE1NhoGeFdUMTEzGgZ4V1QxNTcaBnhXVDE1OCIAKgcI4DMQABgC&sign=GtI01J2DKryV43NSiFu3Exnw5dcrft_PsDyCA3Mwgo0DQVnG0-0jPBzkVIiXTxJK8nI4WNewozQLW4rbG6vEhg&ctsc=143&web=1&extg=8f0000&svrbypass=AAuL%2FQsFAAABAAAAAACIOWnd6P5KfgMufctQaRAAAADnaHZTnGbFfAj9RgZXfw6VkipGuEdNaVI77Fk%2FausaAAJPqHOYbRPvrozj%2Fd%2BWpeuWcI4K3PfrxsU%3D&svrnonce=1766902653,,9.81 MB,00:08,,9,1,10,10,2025-12-27 17:00:39,,2025-12-28 14:18:31,batch_profile,
ID_14821059731308812684,继黄金、白银后，铂金也涨！#深圳 水贝投资铂金条现货稀缺#铂金 #黄金#水贝,896汽车调频,,,https://finder.video.qq.com/251/20302/stodownload?encfilekey=Cvvj5Ix3eewK0tHtibORqcsqchXNh0Gf3sJcaYqC2rQAPDVYswfZEAnvWWBCzXf1gh8UOe4mwuWB6pyDlwuErBnFM5smvqq60lTia6cUiaqZLguZSympTovvbu5GTh3pnYe&bizid=1023&dotrans=0&hy=SH&idx=1&m=&uzid=7a15c&token=x5Y29zUxcibBrBLUtmciafYDggr35LmqVicaiaKHLBLFOiaAgtmjJ9iaCYSbAgzIUDibaugc06V1XRm1zKQbyTRpMoXT5icuKp7VLKsa4w436z1Cf0qFs0MDOEMaDDqLIE68a0E0OZRpicFmsmYMyZVEAl5VGLOXL49AxyRupOtQ3vHgSeNI&basedata=CAESABoGeFdUMTExGgZ4V1QxMTIaBnhXVDExMxoGeFdUMTU2GgZ4V1QxNTcaBnhXVDE1OCIAKgcI4DMQABgC&sign=8KNTAeG2qNxjSZQACLu893uo4Yyr8xRtGG9FE2u_xhngITy0GrZ8a0iqMDs0ZrhFBcFkotyKZD6YaE8mNkuvbw&ctsc=143&web=1&extg=8f0000&svrbypass=AAuL%2FQsFAAABAAAAAABi31pg98Q%2FTtrTfctQaRAAAADnaHZTnGbFfAj9RgZXfw6VkipGuEdNaS46oHE8HrQaAAJPqHOYbRPvrnWpqTHWeqXtatMd7s6Dfls%3D&svrnonce=1766902653,,10.23 MB,00:08,,,,,2,2025-12-27 12:00:00,,2025-12-28 14:18:32,batch_profile,
ID_14820697342981642628,"七星高照好运来！今天是12月27日，星期六，农历冬月初八，祝您生活七星护佑，福气七彩祥云，好运七喜临门，早安！
#早安 #美好的一天从我的问候开始 #财源滚滚 #12月好运 #祝福",896汽车调频,,,https://finder.video.qq.com/251/20302/stodownload?encfilekey=rjD5jyTuFrIpZ2ibE8T7YmwgiahniaXswqzKfuwZPl3j3Qzz71aHianocmMkkkNHK1iatLlWKhR4g4QmFsFtBd8uwxFrnRBWChUKTlicZDItcZmkXnGbyickGwmxQ&bizid=1023&dotrans=0&hy=SH&idx=1&m=&uzid=7a260&token=AxricY7RBHdVpjZKc4PCNzpCiaOW7n9iccknn2JnHktiad1r6VKgjLTQic8qiaqEG4UQ8H0qkliap7A5lia1kRexlHWLda6PzUpWFkdY03nr59fWB6aB958Ac7C5iaN80HCibHSBB1gHrZoYDia1N8vp443CGt6v1y8tSxUic7DSZ0osoyrVMNQ&basedata=CAESABoGeFdUMTExGgZ4V1QxNTYaBnhXVDExMhoGeFdUMTEzGgZ4V1QxNTcaBnhXVDE1OCIAKgcI4DMQABgC&sign=b-peDhB0UnP-2ume2rmN2E78T1hXu0WZiIunZKhTjCAJeBdrN65QguxRAK2cWzr5gkgfHA1pPzAWOomsV8ipGA&ctsc=143&web=1&extg=8f0000&svrbypass=AAuL%2FQsFAAABAAAAAADm5b0R1Xz%2BNWTIfctQaRAAAADnaHZTnGbFfAj9RgZXfw6VkipGuEdNaSY61BItQeYbAAJPqHOYbRPvrv%2BSvfDvWI8camwF87NqVoQ%3D&svrnonce=1766902653,,2.50 MB,00:10,,173,,167,9237,2025-12-27 00:00:00,,2025-12-28 14:18:32,batch_profile,
ID_14820563288405842302,“大蒜味优酸乳” 引热议，客服：未添加真实大蒜，但有蒜味。#乳蒜乳#伊利,896汽车调频,,,https://finder.video.qq.com/251/20302/stodownload?encfilekey=rjD5jyTuFrIpZ2ibE8T7YmwgiahniaXswqz8sYLdpPw0BY7vFKEleg3gQKyhM9fXVeNHFTn0cltndj9plRj5p16VrZ18ib0Stf2k8DvjR5h1e6CgMl3UoxP38w&bizid=1023&dotrans=0&hy=SH&idx=1&m=&uzid=7a1ac&token=x5Y29zUxcibBrBLUtmciafYF0ltWuNvvh6okRYVAfibLQ6MrQk5PZsvd3s25nwlwf2Sux6hKPSDPicDLFaUZZDvrxVVUvCRdiawT7JbAJpgDHmBRYOnYZKdQbM4bKZ7Cs2icSWmcVdymQW11AVC6ic1h3eMU5OxCNERdeJJHnXh0fhOvxM&basedata=CAESABoGeFdUMTExGgZ4V1QxNTYaBnhXVDExMhoGeFdUMTU3GgZ4V1QxMTMaBnhXVDE1OCIAKgcI4DMQABgC&sign=CMIsmmPZ_7Cr3tmISaM13kgdUocB8cmfmKuPXKTLue3zPdRWCw16Q7vreI4dEJHQGo2guIJaOFYZf4V_3ptexQ&ctsc=143&web=1&extg=8f0000&svrbypass=AAuL%2FQsFAAABAAAAAADbTfbnGLrjUmugfctQaRAAAADnaHZTnGbFfAj9RgZXfw6VkipGuEdNaVw7qAhtDscbAAJPqHOYbRPvrtKQPPHCGNBqwYn1JSyoqqI%3D&svrnonce=1766902653,,2.13 MB,00:10,,33,,36,46,2025-12-26 19:33:40,,2025-12-28 14:18:33,batch_profile,
ID_14820519486181611895,周大福“牛马”吊坠被指阴阳打工人，客服回应。#金饰 #打工人,896汽车调频,,,https://finder.video.qq.com/251/20302/stodownload?encfilekey=rjD5jyTuFrIpZ2ibE8T7YmwgiahniaXswqzicibhnzzdQhpk7smmLE5AZmX8iaKjVHCsN1iaFrKmxXMR1dIIj6nHp4RFdicj9s9KQ4CS48NgPYE0GiaK7UrOdYsiaBkQ&bizid=1023&dotrans=0&hy=SH&idx=1&m=&uzid=7a166&token=x5Y29zUxcibBrBLUtmciafYI1rIiaGc32G4q2sxfOf9EwBX7jkRhktNDMe1PZmGd7FvCk8natGQVUh8vg6yBEhrMNdaOKbVdHkibY1iaU9uhuH8qSoicLn5pRicr1v71n5PJOAzkarxNd5AxYpCibJSQHmuibn9X1iaYzciaoNzzX84og6qibZA&basedata=CAESABoGeFdUMTExGgZ4V1QxNTYaBnhXVDExMhoGeFdUMTU3IgAqBwjgMxAAGAI&sign=A7F2oe4-k2k-WvVV_Jo9Xz4iw0-0JQv9PabvRfZLSEWugXlqMb4Db3JaAc90yUe-7zwTF52xv0Gg7S2gsDtbDg&ctsc=143&web=1&extg=8f0000&svrbypass=AAuL%2FQsFAAABAAAAAAA3WPCqWtl24BWEfctQaRAAAADnaHZTnGbFfAj9RgZXfw6VkipGuEdNaVU72AlFCckbAAJPqHOYbRPvrr%2BnikDJaIF%2FiBdtQkKpCJk%3D&svrnonce=1766902653,,1.58 MB,00:12,,7,,17,57,2025-12-26 18:06:38,,2025-12-28 14:18:34,batch_profile,
ID_14798757614764361767,"想让孩子越过越顺，那就告诉他这3条心理暗示！
#家长必读#父母成长",观心-裴盈心理,,,https://finder.video.qq.com/251/20302/stodownload?encfilekey=Cvvj5Ix3eewK0tHtibORqcsqchXNh0Gf3sJcaYqC2rQAQgA90COUOMfpHpH5iaQ8tg6upln4M2YLaEIT1ibrDb3Bong9rTnrZEXEywTOumbVzOA6UV00tqUFiciaItkCujAw6&bizid=1023&dotrans=0&hy=SH&idx=1&m=&uzid=7a15c&token=AxricY7RBHdWhuEdvQSj7Zicicfwzfrbq6bHAw9tXNG4icKicS9owYyAqkNJw7Z0KYHelDOdLx3yG5vMFnjwicP4wribrhj96icr4Qta4EVdu0M2ESiaQMDW63laJD1L53fOFJDjnmLooXNgyxibb8EHadZII0ztKcsnmupDagXtuHd5npibnw&basedata=CAESABoGeFdUMTExGgZ4V1QxMTIaBnhXVDExMxoGeFdUMTI2GgZ4V1QxMjcaBnhXVDEyOCIAKgcI4DMQABgC&sign=iFD77dwiJvj5ubaehBzl4sJntMRaE_KFvHtAt52nexjqcvIcXfD282rlatrKnx8nuq9MRE1B7rU-K1fo-1UxdQ&ctsc=143&web=1&extg=10f0000&svrbypass=AAuL%2FQsFAAABAAAAAADeYnubbtQ324V4AkJaaRAAAADnaHZTnGbFfAj9RgZXfw6Vz08rHG8rlbfwOYEUm6ZJtH1EUEWVfvs87curNsY0Qb1285AgipeW4n0%3D&svrnonce=1767522818,,10.45 MB,00:52,,256,188,738,416,2025-11-26 17:29:41,,2026-01-04 18:33:56,batch_profile,
ID_14822691740860615013,父母一定不要为孩子做的3件事！,观心-裴盈心理,,,https://finder.video.qq.com/251/20302/stodownload?encfilekey=Cvvj5Ix3eewK0tHtibORqcsqchXNh0Gf3sJcaYqC2rQAuCdSQGiaK3vosX2ufF7Hrw0PhGqbqj4C6moXrVH7ibhFWVyZ7Jh8zosXib92CxVBKCcpzdDfXvRCHldsrvz9wHCib&bizid=1023&dotrans=0&hy=SH&idx=1&m=&uzid=7a210&token=x5Y29zUxcibDsBFNCMI724MhSAM5aI6TwU0n69X2lDIMYUhxA7huQ0EPP5prlu0eXIeBvaDxHrfCYy9zxVRCaxHa75wzbgGBHgibJ81AOnRRuLJjPOfF7bsqWKIqv956hS4rPqRFR8MR5OVRRpqqPfP3Eyxg7Q3NeGrDSKuW41WrY&basedata=CAESABoGeFdUMTExGgZ4V1QxMTIaBnhXVDExMxoGeFdUMTI2GgZ4V1QxMjcaBnhXVDEyOCIAKgcI4DMQABgC&sign=EsCnH1iuYml_pavvnIdTsIUi6I5AhcJ1hdUFrEpwSMcXX9SkTsiT3Lbk9_LyBSirOVGzwp5oN0HFOXHnSR1lrA&ctsc=143&web=1&extg=10f0000&svrbypass=AAuL%2FQsFAAABAAAAAADJMrTcB7EC3dtxsFhaaRAAAADnaHZTnGbFfAj9RgZXfw6V3oHveP6Zzj46jlZljxCZ8RU7SebkX0bdZNaJqQlHkzvpDEp0Buls098%3D&svrnonce=1767528624,,18.05 MB,01:59,,177,6,456,324,2025-12-29 18:02:31,,2026-01-04 22:09:02,batch_profile,
ID_14824837120662112583,孩子青春期有攻击行为，这才是他背后的真实动机！,观心-裴盈心理,,,https://finder.video.qq.com/251/20302/stodownload?encfilekey=Cvvj5Ix3eewK0tHtibORqcsqchXNh0Gf3sJcaYqC2rQDQu6QjQHCof18s3tXN9MRvPGLlLOU8q1ql9BiaSS1lMjHGFfMWCxvnK279EYBXXKsYyHqLQLuRaoMuPS0nuyDpu&bizid=1023&dotrans=0&hy=SH&idx=1&m=&uzid=7a260&token=x5Y29zUxcibDsBFNCMI724M4yA9nMkqqIjCSLwTDPdBTvc2fWNUvbrjbMibNI2s82w1Pomgiawovj9UOR4dCv0oRHMI3Ird6KkSmLRYHtwWNUFedasyU8nKhyUWj8frsKr1gDec29fGhWIk1q8LS3lDuWL7SrfvhWT84u8yyyjbRFU&basedata=CAESABoGeFdUMTExGgZ4V1QxMTIaBnhXVDExMxoGeFdUMTU2GgZ4V1QxNTcaBnhXVDE1OCIAKgcI4DMQABgC&sign=W3PjyfckibeUmd0ykJLHpPkx3ts87s143FJZrdEjCIgEnBJXYpX0rrOJiwfRZoLNfTybSFokTLUCuih3bk_mxg&ctsc=143&web=1&extg=4f0000&svrbypass=AAuL%2FQsFAAABAAAAAADnnMmdOM%2FFsvyCsFhaaRAAAADnaHZTnGbFfAj9RgZXfw6V3oHveP6Zzhw6pg5Dpjid8RU7SebkX0bdZF2G5grj1aATJCKQ8TXslas%3D&svrnonce=1767528624,,34.84 MB,03:57,,2,,2,25,2026-01-01 17:05:00,,2026-01-04 22:09:12,batch_profile,
ID_14821935503705901418,"孩子厌学初期，家长一定要做这5件事
#厌学#厌学复学#家长必读#父母课堂#青春期心理#孩子厌学",观心-裴盈心理,,,https://finder.video.qq.com/251/20302/stodownload?encfilekey=Cvvj5Ix3eewK0tHtibORqcsqchXNh0Gf3sJcaYqC2rQDMD6G6picOS6fubzxQanibkVeY3q1Vj64ia7xPSmibqfc2fd3kf8Z9OFaYltwXwicia7jiaviaoCkXia68HOvc5ibNwzyibsh&bizid=1023&dotrans=0&hy=SH&idx=1&m=&uzid=7a210&token=x5Y29zUxcibDsBFNCMI724Ior0Bhr4yHOu3HMic10LicKaCEK1icHdLwUialnzdzehwGIKDlAHicTmDc2nrKguaxRAu41hKMib3AUro4lEIngSVpKBJiaLU0PM3n27lJXuGVGFVlg045UXz2ibbLT8ZTFWJaQ2iaKb97C8YmgcNdIpamibCtoY&basedata=CAESABoGeFdUMTExGgZ4V1QxMTIaBnhXVDE1NhoGeFdUMTU3IgAqBwjgMxAAGAI&sign=T5Fzi7DClYkvi_nJJr2JBBLXd65ki6W3kxLIX9PjIwOIlJX4JNuw5f85eRulJX1OWuPAxL4juMJdzLc2i9Q_uw&ctsc=143&web=1&extg=4f0000&svrbypass=AAuL%2FQsFAAABAAAAAAC723yEQSX4QWkbsFhaaRAAAADnaHZTnGbFfAj9RgZXfw6V3oHveP6ZzjE66k82hSSa8RU7SebkX0bdZPcR4sse4JMOsYBBNSzmJXw%3D&svrnonce=1767528624,,27.65 MB,03:10,,1,3,7,26,2025-12-28 17:00:01,,2026-01-04 22:09:14,batch_profile,
ID_14813802281420851550,"一个孩子最深的力量不是他学了多少东西，而是在他和父母的关系里，有没有被真正的接住，这才是孩子内在力量的来源。
#教育#家庭教育#青春期心理#父母课堂#家长必读",观心-裴盈心理,,,https://finder.video.qq.com/251/20302/stodownload?encfilekey=Cvvj5Ix3eewK0tHtibORqcsqchXNh0Gf3sJcaYqC2rQDSezRlgtfRYFLdWR3PWdLzI4SF3dfuMOtFVBgz07PY2ylAbf31kib8J7pRXPrr10xdUiaxjf9OkmtYKtXjGXC7aE&bizid=1023&dotrans=0&hy=SH&idx=1&m=&uzid=7a22e&token=x5Y29zUxcibDsBFNCMI724MhSAM5aI6Tw7HM1ickged0PkCic3SyLR1DGqDqxvSOWFPPspt5fuXlW4dd0t1JYNn30ibYjoL1aUT4WWZwlfzS9IRtjLteia2MKIogpwZG1A1upxuKWf1gvpWicD3IgaEqwKfWzUBxIWSKgtUNB8tu4DatY&basedata=CAESABoGeFdUMTExGgZ4V1QxMTIaBnhXVDE1NhoGeFdUMTEzGgZ4V1QxNTcaBnhXVDE1OCIAKgcI4DMQABgC&sign=9qg-zhIDt7UO9U4l4BPEzr-opijk2cjOK-qFCiZ-gNouCTGncvzaLEN3p1_-b1at2I4LQOCSLNMozTAPNQFEDw&ctsc=143&web=1&extg=8f0000&svrbypass=AAuL%2FQsFAAABAAAAAACipGDkkHE9UJehsFhaaRAAAADnaHZTnGbFfAj9RgZXfw6V3oHveP6ZzgU6ollMqm2J8RU7SebkX0bdZPArj2kFw%2BoTBHMoLNPH5H8%3D&svrnonce=1767528624,,20.53 MB,01:42,,58,2,339,248,2025-12-17 11:40:45,,2026-01-04 22:09:20,batch_profile,
ID_14820497020917320039,李湘教科书式育儿法，值得每个家长学习，优点不说不得了，缺点少说慢慢少！#家庭教育#育儿理念#家长必读#父母课堂#李湘#李湘育儿观,观心-裴盈心理,,,https://finder.video.qq.com/251/20302/stodownload?encfilekey=Cvvj5Ix3eewK0tHtibORqcsqchXNh0Gf3sJcaYqC2rQCzvI8XfI7VConI9s7ICvibVYCDUIKOxCgicPkW2uMUXBSlFw9RZREqDJHWsNia2gySnWeZtkjfvu2fcsjk2RdYXys&bizid=1023&dotrans=0&hy=SH&idx=1&m=&uzid=7a260&token=AxricY7RBHdXQcmN7LnrzwVgbjSXkah7nHW1H0DicwKYVxAJ6q5Qywia5qLnkb6jUBfJGmFB1fN1MG0OoOPdicpAR4b47L0PS1uzOVb7HNJPicgOiaGSLFGDaq5zqhVqXlJznzj7s4NCWlAqNfl50SF12cbn8ElcA7XhkzLElRuBjRwQM&basedata=CAESABoGeFdUMTExGgZ4V1QxMTIaBnhXVDE1NhoGeFdUMTEzGgZ4V1QxNTcaBnhXVDE1OCIAKgcI4DMQABgC&sign=etDIh_RSkjCL7HNvEahnPHrdO18eGXMPVi_9XQFenjC_Ga22XzcEkcSRzhfwjGqx4bEIGX2x63p9OhVf2eveQw&ctsc=143&web=1&extg=8f0000&svrbypass=AAuL%2FQsFAAABAAAAAADjtsq8GseYMEK7sFhaaRAAAADnaHZTnGbFfAj9RgZXfw6V3oHveP6Zzjw69koEjB%2BV8RU7SebkX0bdZOmjcHIFSFxtnPUXbEESlYg%3D&svrnonce=1767528624,,18.83 MB,01:40,,6,1,14,54,2025-12-26 17:22:00,,2026-01-04 22:09:22,batch_profile,
ID_14818339126720530779,"4招培养出内心强大的孩子
#家庭教育 #父母课堂 #教育 #家长必读",观心-裴盈心理,,,https://finder.video.qq.com/251/20302/stodownload?encfilekey=Cvvj5Ix3eewK0tHtibORqcsqchXNh0Gf3sJcaYqC2rQAibxInNNictvxVGlcibB7ibvb8AqXFIYztRic9eyiaNaUPa0SF9KiahiaIHP5SfXesCzKNWhibegMHTprJYL1mDKnVRrIOD&bizid=1023&dotrans=0&hy=SH&idx=1&m=&uzid=7a15c&token=x5Y29zUxcibDsBFNCMI724ANb3HcKRicBTkug1Be9SDPBTfz7Ahngoo3rDLT13lou9N92f3NIlsXrcrQKnuxBcM4cblE0iay746AkcSJOeW1icvZmA8G4jnTb0Zc1WXC3Gb7P0viajRP8U6vpAAiaxjWG2h4gJaSf7FNgKxZI0LSTZK9g&basedata=CAESABoGeFdUMTExGgZ4V1QxMTIaBnhXVDE1NhoGeFdUMTU3IgAqBwjgMxAAGAI&sign=K1LzaCW3sxYUOKQZ3amTWyXWjmF1LHXQubfLEAFhd8zgYe4kNHOxj0JGzvQAdoY_W76NqIcJEjrnSg22AkNPRg&ctsc=143&web=1&extg=8f0000&svrbypass=AAuL%2FQsFAAABAAAAAADSPu030pRmhP3msFhaaRAAAADnaHZTnGbFfAj9RgZXfw6V3oHveP6ZzgA6tnUC4XWR8RU7SebkX0bdZJIBZUe%2BTlYG14j%2BTL4U3UI%3D&svrnonce=1767528624,,30.04 MB,03:26,,7,5,13,41,2025-12-23 17:54:39,,2026-01-04 22:14:18,batch_profile,
ID_14818289457515272406,Nano Banana Pro 结合 Wan Animate 背景动作迁移对比 #人工智能 #AI ,拓星研究所,,,https://finder.video.qq.com/251/20302/stodownload?encfilekey=oibeqyX228riaCwo9STVsGLPj9UYCicgttvTbUFiaX6Sy4Wq22XuHCoXVsrouqbHSD7eLcA33iccEkymNkDMNFkmBqtOLWEdCgvNAozmndgkuVibP1YcHWV5AGJuvUjia14qf6T5Bw6ia7uHtics&hy=SH&idx=1&m=554afb58f3be9f46997292d3b40b7928&uzid=7a1fc&token=ic1n0xDG6awibFehwQvMPwD54rSGRyqYdiaqyXmO5UaiaeD4Vic02kAo0gqAS5KYTYOVqhdRW2lt6IQXjE9F49B4psL9eic4Yhc6wk5LTYp8CHnspTSEiaKk0o8xmaevmKn3DMbFVvHfA3TwBTy3IbUk0M61DUWnt11JOICCrNreJaJJzw&basedata=CAESABoDeFYwIgAqBwjNWhAAGAI&sign=XuV_f3ixDCweowfRurTdGpWMcPDGHAwAKTC1jb12IgbZyzhC-clYPUWdknKm3PalRtUBQFigW1kleEi4EqdBog&ctsc=140&web=1&extg=10f0000&svrbypass=AAuL%2FQsFAAABAAAAAABi0UGmkhcScqW5pXhaaRAAAADnaHZTnGbFfAj9RgZXfw6Vg2GFSq1H4Oh9MR5SD%2FfAwRqSlxv7ZVMas71kc3%2BufEWRUqg%2Bwj087YE%3D&svrnonce=1767536805,,6.18 MB,00:16,,,,,,,,2026-01-04 22:27:02,batch_console,
ID_14760089297870719078,"佳能V1350彩色数码印刷机
​打印速度：137页A4/分钟  78页A3/分钟
​打印分辨率：2400×2400dpi
​支持60-500克重纸张
峰值月印量: 240万A4
​设计寿命7200万印##印刷厂 #数码印刷 #印刷人 #印刷包装 #不干胶标签 #数码快印 #印刷包装 #图文快印 #纸盒包装 #自动化设备#印刷厂 #自动化设备 #数码印刷 #打印机",生产型打印机如是,,,https://finder.video.qq.com/251/20302/stodownload?encfilekey=Cvvj5Ix3eez3Y79SxtvVL0L7CkPM6dFibFeI6caGYwFH5T26F25YicEljnKhE5fkLSYWFoIGZNnyWLCg7EBqpicjSbocV887XtduJJaal2RYbE97JwqbjXVfNZyw5SUtmczGKyoBlt40b088ibeZIHt3AQ&hy=SH&idx=1&m=6403b0c340a45ef4e5144da80f6df0b3&uzid=7a170&token=ic1n0xDG6awiczRf3rb9kFg6nxXckqSbZCVSj9RLlxyxFMjfCqewvymanohMb0ibhG28r9MVb40IEGOrDy4ZP8xUCB4teQduXZvictnpcp4ial1FeIsydpEiazCwIwPmnhpp9h7DMS5gNdx9hMW5l9f9WCEyEia7zKQjmiaVIiaGiaSAq2Ogo&basedata=CAESABoDeFYwIgAqBwjNWhAAGAI&sign=dtYnXItzVv-eitQaHOg-lX5QuQIiTEO0N2E05T--iJPt-D9XxNhlRxiDeyx6Nwd39-4ae1fDbM7K4zOZtl5FLg&web=1&extg=10f0000&svrbypass=AAuL%2FQsFAAABAAAAAACTzmcbrTVuFXdzXHtaaRAAAADnaHZTnGbFfAj9RgZXfw6VhDjGmdYDIQrr5Khi71dHcufWrRETR9BV4Eswq0Uaqx8Gt3LMCFewdbE%3D&svrnonce=1767537500,,10.40 MB,00:09,,,,,,,,2026-01-04 23:11:22,batch_console,
ID_14832736401643407737,提高老人晚年生活质量，用它真的香！快给家里耳背老人安排上！,左点科技,,,https://finder.video.qq.com/251/20302/stodownload?encfilekey=Cvvj5Ix3eewK0tHtibORqcsqchXNh0Gf3sJcaYqC2rQD7pgdm7dWicicDHXhZBQkp5icZJWboTmMmsHLdrSsEptyvvLXfDjbltemU3K8WicB1r9UeIHFsUicneZzxGEmpx5n5t&bizid=1023&dotrans=0&hy=SH&idx=1&m=&uzid=7a15c&fad=1&token=2lt8WBSnjTkgwgX075l1TGAl8sRu9w8qaOWdCg9hVX37oyPlKZBKQgw8o0bGVGqabrQWoZFt1pAQqsqESMqOQ2Tdqx1LSdFKZunUwft0ENWzEtNbHBKhatznmzAKzbeh7ebO3exRRqqXn4PXCNd1Dh9NARxEwRic4DTIvwRIicWkQ&basedata=CAESABoGeFdUMTExGgZ4V1QxMjYaBnhXVDEyNxoGeFdUMTI4IgAqBwjNWhAAGAI&sign=2MWQhkNm_FH1i8SrHQJJPfeAh2wnoPmzeqZ0r19OD7pyU00Ms0qAynXEhCJHEyTjAd5vhGmL8St-mtRfjkYU4g&web=1&extg=10f0000&svrbypass=AAuL%2FQsFAAABAAAAAABv%2BrDg4CHAWYGcFZZraRAAAADnaHZTnGbFfAj9RgZXfw6VphrsYdrEsbc6dyV7Chn0HD9T%2B66Oqk%2BpFzcuFb7bpS3Snb70O%2BZ0Wko%3D&svrnonce=1768658453,,32.31 MB,01:46,,,,,,,,2026-01-17 22:14:02,batch_console,
